Year,Node,Annual_Rainfall
1980,"(28.75, 80.0)",1475
1980,"(29.0, 79.25)",696
1980,"(29.0, 79.5)",464
1980,"(29.0, 79.75)",1514
1980,"(29.0, 80.0)",1312
1980,"(29.25, 79.0)",1295
1980,"(29.25, 79.25)",1220
1980,"(29.25, 79.5)",1272
1980,"(29.25, 79.75)",1014
1980,"(29.25, 80.0)",969
1980,"(29.25, 80.25)",1232
1980,"(29.5, 78.75)",1216
1980,"(29.5, 79.0)",1467
1980,"(29.5, 79.25)",1789
1980,"(29.5, 79.5)",1738
1980,"(29.5, 79.75)",1057
1980,"(29.5, 80.0)",1194
1980,"(29.5, 80.25)",1501
1980,"(29.75, 78.0)",1023
1980,"(29.75, 78.25)",520
1980,"(29.75, 78.5)",1512
1980,"(29.75, 78.75)",1348
1980,"(29.75, 79.0)",1381
1980,"(29.75, 79.25)",1053
1980,"(29.75, 79.5)",677
1980,"(29.75, 79.75)",900
1980,"(29.75, 80.0)",1334
1980,"(29.75, 80.25)",2022
1980,"(30.0, 77.75)",898
1980,"(30.0, 78.0)",1345
1980,"(30.0, 78.25)",1684
1980,"(30.0, 78.5)",1213
1980,"(30.0, 78.75)",745
1980,"(30.0, 79.0)",1251
1980,"(30.0, 79.25)",1196
1980,"(30.0, 79.5)",829
1980,"(30.0, 79.75)",888
1980,"(30.0, 80.0)",1397
1980,"(30.0, 80.25)",1949
1980,"(30.0, 80.5)",1964
1980,"(30.25, 78.0)",1451
1980,"(30.25, 78.25)",1520
1980,"(30.25, 78.5)",553
1980,"(30.25, 78.75)",630
1980,"(30.25, 79.0)",1323
1980,"(30.25, 79.25)",1320
1980,"(30.25, 79.5)",1086
1980,"(30.25, 79.75)",787
1980,"(30.25, 80.0)",1317
1980,"(30.25, 80.25)",1651
1980,"(30.25, 80.5)",1864
1980,"(30.25, 80.75)",1955
1980,"(30.25, 81.0)",2054
1980,"(30.5, 78.0)",1925
1980,"(30.5, 78.25)",1330
1980,"(30.5, 78.5)",1075
1980,"(30.5, 78.75)",1290
1980,"(30.5, 79.0)",1807
1980,"(30.5, 79.25)",1140
1980,"(30.5, 79.5)",1066
1980,"(30.5, 79.75)",1023
1980,"(30.5, 80.0)",1025
1980,"(30.5, 80.25)",1577
1980,"(30.75, 77.75)",1465
1980,"(30.75, 78.0)",1343
1980,"(30.75, 78.25)",1566
1980,"(30.75, 78.5)",1269
1980,"(30.75, 78.75)",1390
1980,"(30.75, 79.0)",1503
1980,"(30.75, 79.25)",1183
1980,"(30.75, 79.5)",1112
1980,"(30.75, 79.75)",1058
1980,"(30.75, 80.0)",1044
1980,"(31.0, 78.0)",1433
1980,"(31.0, 78.25)",1416
1980,"(31.0, 78.5)",1343
1980,"(31.0, 78.75)",1375
1980,"(31.0, 79.0)",1307
1980,"(31.0, 79.25)",1275
1980,"(31.0, 79.5)",1172
1980,"(31.0, 79.75)",1101
1980,"(31.25, 78.25)",1126
1980,"(31.25, 79.0)",1286
1981,"(28.75, 80.0)",1807
1981,"(29.0, 79.25)",1227
1981,"(29.0, 79.5)",685
1981,"(29.0, 79.75)",1885
1981,"(29.0, 80.0)",1736
1981,"(29.25, 79.0)",1165
1981,"(29.25, 79.25)",1760
1981,"(29.25, 79.5)",1638
1981,"(29.25, 79.75)",1294
1981,"(29.25, 80.0)",1189
1981,"(29.25, 80.25)",1520
1981,"(29.5, 78.75)",1165
1981,"(29.5, 79.0)",1252
1981,"(29.5, 79.25)",1457
1981,"(29.5, 79.5)",1213
1981,"(29.5, 79.75)",1109
1981,"(29.5, 80.0)",1223
1981,"(29.5, 80.25)",1796
1981,"(29.75, 78.0)",923
1981,"(29.75, 78.25)",843
1981,"(29.75, 78.5)",1221
1981,"(29.75, 78.75)",1113
1981,"(29.75, 79.0)",1195
1981,"(29.75, 79.25)",1047
1981,"(29.75, 79.5)",1023
1981,"(29.75, 79.75)",1388
1981,"(29.75, 80.0)",1783
1981,"(29.75, 80.25)",2202
1981,"(30.0, 77.75)",726
1981,"(30.0, 78.0)",1175
1981,"(30.0, 78.25)",1458
1981,"(30.0, 78.5)",896
1981,"(30.0, 78.75)",736
1981,"(30.0, 79.0)",957
1981,"(30.0, 79.25)",967
1981,"(30.0, 79.5)",899
1981,"(30.0, 79.75)",1994
1981,"(30.0, 80.0)",2476
1981,"(30.0, 80.25)",2352
1981,"(30.0, 80.5)",2291
1981,"(30.25, 78.0)",1998
1981,"(30.25, 78.25)",1516
1981,"(30.25, 78.5)",670
1981,"(30.25, 78.75)",676
1981,"(30.25, 79.0)",866
1981,"(30.25, 79.25)",1146
1981,"(30.25, 79.5)",1000
1981,"(30.25, 79.75)",1795
1981,"(30.25, 80.0)",2434
1981,"(30.25, 80.25)",2392
1981,"(30.25, 80.5)",2334
1981,"(30.25, 80.75)",2327
1981,"(30.25, 81.0)",2347
1981,"(30.5, 78.0)",1701
1981,"(30.5, 78.25)",1556
1981,"(30.5, 78.5)",1317
1981,"(30.5, 78.75)",1186
1981,"(30.5, 79.0)",1682
1981,"(30.5, 79.25)",1012
1981,"(30.5, 79.5)",1012
1981,"(30.5, 79.75)",1377
1981,"(30.5, 80.0)",1834
1981,"(30.5, 80.25)",2359
1981,"(30.75, 77.75)",1425
1981,"(30.75, 78.0)",1316
1981,"(30.75, 78.25)",1358
1981,"(30.75, 78.5)",441
1981,"(30.75, 78.75)",1085
1981,"(30.75, 79.0)",1458
1981,"(30.75, 79.25)",1201
1981,"(30.75, 79.5)",1203
1981,"(30.75, 79.75)",1235
1981,"(30.75, 80.0)",1704
1981,"(31.0, 78.0)",1248
1981,"(31.0, 78.25)",1198
1981,"(31.0, 78.5)",1016
1981,"(31.0, 78.75)",1057
1981,"(31.0, 79.0)",1155
1981,"(31.0, 79.25)",1263
1981,"(31.0, 79.5)",1197
1981,"(31.0, 79.75)",1166
1981,"(31.25, 78.25)",911
1981,"(31.25, 79.0)",1081
1982,"(28.75, 80.0)",1664
1982,"(29.0, 79.25)",1668
1982,"(29.0, 79.5)",901
1982,"(29.0, 79.75)",1244
1982,"(29.0, 80.0)",1518
1982,"(29.25, 79.0)",1318
1982,"(29.25, 79.25)",1598
1982,"(29.25, 79.5)",1562
1982,"(29.25, 79.75)",1386
1982,"(29.25, 80.0)",1375
1982,"(29.25, 80.25)",2062
1982,"(29.5, 78.75)",1386
1982,"(29.5, 79.0)",1645
1982,"(29.5, 79.25)",1733
1982,"(29.5, 79.5)",1295
1982,"(29.5, 79.75)",1356
1982,"(29.5, 80.0)",1344
1982,"(29.5, 80.25)",2184
1982,"(29.75, 78.0)",988
1982,"(29.75, 78.25)",1078
1982,"(29.75, 78.5)",1549
1982,"(29.75, 78.75)",1584
1982,"(29.75, 79.0)",1569
1982,"(29.75, 79.25)",1287
1982,"(29.75, 79.5)",1180
1982,"(29.75, 79.75)",1917
1982,"(29.75, 80.0)",2448
1982,"(29.75, 80.25)",2534
1982,"(30.0, 77.75)",757
1982,"(30.0, 78.0)",1110
1982,"(30.0, 78.25)",1243
1982,"(30.0, 78.5)",1233
1982,"(30.0, 78.75)",1175
1982,"(30.0, 79.0)",1169
1982,"(30.0, 79.25)",1050
1982,"(30.0, 79.5)",1004
1982,"(30.0, 79.75)",1514
1982,"(30.0, 80.0)",1123
1982,"(30.0, 80.25)",1922
1982,"(30.0, 80.5)",2147
1982,"(30.25, 78.0)",1629
1982,"(30.25, 78.25)",1123
1982,"(30.25, 78.5)",949
1982,"(30.25, 78.75)",1008
1982,"(30.25, 79.0)",975
1982,"(30.25, 79.25)",1161
1982,"(30.25, 79.5)",1145
1982,"(30.25, 79.75)",1131
1982,"(30.25, 80.0)",1216
1982,"(30.25, 80.25)",1490
1982,"(30.25, 80.5)",1923
1982,"(30.25, 80.75)",2042
1982,"(30.25, 81.0)",2123
1982,"(30.5, 78.0)",1637
1982,"(30.5, 78.25)",1129
1982,"(30.5, 78.5)",1005
1982,"(30.5, 78.75)",1319
1982,"(30.5, 79.0)",1434
1982,"(30.5, 79.25)",1262
1982,"(30.5, 79.5)",1222
1982,"(30.5, 79.75)",1103
1982,"(30.5, 80.0)",1075
1982,"(30.5, 80.25)",1782
1982,"(30.75, 77.75)",1532
1982,"(30.75, 78.0)",1368
1982,"(30.75, 78.25)",1463
1982,"(30.75, 78.5)",877
1982,"(30.75, 78.75)",1453
1982,"(30.75, 79.0)",1467
1982,"(30.75, 79.25)",1263
1982,"(30.75, 79.5)",1228
1982,"(30.75, 79.75)",1188
1982,"(30.75, 80.0)",1065
1982,"(31.0, 78.0)",1377
1982,"(31.0, 78.25)",1274
1982,"(31.0, 78.5)",1396
1982,"(31.0, 78.75)",1448
1982,"(31.0, 79.0)",1317
1982,"(31.0, 79.25)",1317
1982,"(31.0, 79.5)",1254
1982,"(31.0, 79.75)",1227
1982,"(31.25, 78.25)",2023
1982,"(31.25, 79.0)",1329
1983,"(28.75, 80.0)",2020
1983,"(29.0, 79.25)",1586
1983,"(29.0, 79.5)",1748
1983,"(29.0, 79.75)",1944
1983,"(29.0, 80.0)",2022
1983,"(29.25, 79.0)",1570
1983,"(29.25, 79.25)",1631
1983,"(29.25, 79.5)",1700
1983,"(29.25, 79.75)",1851
1983,"(29.25, 80.0)",2052
1983,"(29.25, 80.25)",2263
1983,"(29.5, 78.75)",1530
1983,"(29.5, 79.0)",1588
1983,"(29.5, 79.25)",1657
1983,"(29.5, 79.5)",1655
1983,"(29.5, 79.75)",1759
1983,"(29.5, 80.0)",2194
1983,"(29.5, 80.25)",2268
1983,"(29.75, 78.0)",1400
1983,"(29.75, 78.25)",1368
1983,"(29.75, 78.5)",1272
1983,"(29.75, 78.75)",1452
1983,"(29.75, 79.0)",1571
1983,"(29.75, 79.25)",1623
1983,"(29.75, 79.5)",1665
1983,"(29.75, 79.75)",1876
1983,"(29.75, 80.0)",2187
1983,"(29.75, 80.25)",2487
1983,"(30.0, 77.75)",1293
1983,"(30.0, 78.0)",1394
1983,"(30.0, 78.25)",1340
1983,"(30.0, 78.5)",1217
1983,"(30.0, 78.75)",1284
1983,"(30.0, 79.0)",1485
1983,"(30.0, 79.25)",1524
1983,"(30.0, 79.5)",1463
1983,"(30.0, 79.75)",1703
1983,"(30.0, 80.0)",1340
1983,"(30.0, 80.25)",2184
1983,"(30.0, 80.5)",2361
1983,"(30.25, 78.0)",1859
1983,"(30.25, 78.25)",1346
1983,"(30.25, 78.5)",1039
1983,"(30.25, 78.75)",1219
1983,"(30.25, 79.0)",1543
1983,"(30.25, 79.25)",1555
1983,"(30.25, 79.5)",1450
1983,"(30.25, 79.75)",1342
1983,"(30.25, 80.0)",1437
1983,"(30.25, 80.25)",1712
1983,"(30.25, 80.5)",2079
1983,"(30.25, 80.75)",2183
1983,"(30.25, 81.0)",2313
1983,"(30.5, 78.0)",1872
1983,"(30.5, 78.25)",1237
1983,"(30.5, 78.5)",1044
1983,"(30.5, 78.75)",1203
1983,"(30.5, 79.0)",1563
1983,"(30.5, 79.25)",1395
1983,"(30.5, 79.5)",1361
1983,"(30.5, 79.75)",1314
1983,"(30.5, 80.0)",1360
1983,"(30.5, 80.25)",1760
1983,"(30.75, 77.75)",1477
1983,"(30.75, 78.0)",1335
1983,"(30.75, 78.25)",1299
1983,"(30.75, 78.5)",616
1983,"(30.75, 78.75)",1049
1983,"(30.75, 79.0)",1350
1983,"(30.75, 79.25)",1383
1983,"(30.75, 79.5)",1352
1983,"(30.75, 79.75)",1367
1983,"(30.75, 80.0)",1252
1983,"(31.0, 78.0)",1536
1983,"(31.0, 78.25)",1409
1983,"(31.0, 78.5)",1023
1983,"(31.0, 78.75)",1077
1983,"(31.0, 79.0)",1193
1983,"(31.0, 79.25)",1377
1983,"(31.0, 79.5)",1387
1983,"(31.0, 79.75)",1366
1983,"(31.25, 78.25)",1068
1983,"(31.25, 79.0)",1101
1984,"(28.75, 80.0)",1709
1984,"(29.0, 79.25)",980
1984,"(29.0, 79.5)",1261
1984,"(29.0, 79.75)",1567
1984,"(29.0, 80.0)",1702
1984,"(29.25, 79.0)",968
1984,"(29.25, 79.25)",1000
1984,"(29.25, 79.5)",1079
1984,"(29.25, 79.75)",1348
1984,"(29.25, 80.0)",1720
1984,"(29.25, 80.25)",2025
1984,"(29.5, 78.75)",1047
1984,"(29.5, 79.0)",980
1984,"(29.5, 79.25)",1003
1984,"(29.5, 79.5)",973
1984,"(29.5, 79.75)",1364
1984,"(29.5, 80.0)",2108
1984,"(29.5, 80.25)",2279
1984,"(29.75, 78.0)",1279
1984,"(29.75, 78.25)",1202
1984,"(29.75, 78.5)",1169
1984,"(29.75, 78.75)",1112
1984,"(29.75, 79.0)",972
1984,"(29.75, 79.25)",985
1984,"(29.75, 79.5)",1114
1984,"(29.75, 79.75)",1723
1984,"(29.75, 80.0)",2267
1984,"(29.75, 80.25)",2345
1984,"(30.0, 77.75)",1257
1984,"(30.0, 78.0)",1428
1984,"(30.0, 78.25)",1340
1984,"(30.0, 78.5)",1155
1984,"(30.0, 78.75)",1035
1984,"(30.0, 79.0)",834
1984,"(30.0, 79.25)",856
1984,"(30.0, 79.5)",1023
1984,"(30.0, 79.75)",1858
1984,"(30.0, 80.0)",2235
1984,"(30.0, 80.25)",2352
1984,"(30.0, 80.5)",2364
1984,"(30.25, 78.0)",1820
1984,"(30.25, 78.25)",1417
1984,"(30.25, 78.5)",888
1984,"(30.25, 78.75)",768
1984,"(30.25, 79.0)",733
1984,"(30.25, 79.25)",764
1984,"(30.25, 79.5)",863
1984,"(30.25, 79.75)",1154
1984,"(30.25, 80.0)",2124
1984,"(30.25, 80.25)",2282
1984,"(30.25, 80.5)",2341
1984,"(30.25, 80.75)",2354
1984,"(30.25, 81.0)",2363
1984,"(30.5, 78.0)",1598
1984,"(30.5, 78.25)",1268
1984,"(30.5, 78.5)",1016
1984,"(30.5, 78.75)",817
1984,"(30.5, 79.0)",744
1984,"(30.5, 79.25)",745
1984,"(30.5, 79.5)",814
1984,"(30.5, 79.75)",881
1984,"(30.5, 80.0)",1229
1984,"(30.5, 80.25)",2123
1984,"(30.75, 77.75)",1130
1984,"(30.75, 78.0)",1140
1984,"(30.75, 78.25)",1493
1984,"(30.75, 78.5)",374
1984,"(30.75, 78.75)",782
1984,"(30.75, 79.0)",727
1984,"(30.75, 79.25)",804
1984,"(30.75, 79.5)",875
1984,"(30.75, 79.75)",847
1984,"(30.75, 80.0)",968
1984,"(31.0, 78.0)",1174
1984,"(31.0, 78.25)",1117
1984,"(31.0, 78.5)",862
1984,"(31.0, 78.75)",900
1984,"(31.0, 79.0)",721
1984,"(31.0, 79.25)",792
1984,"(31.0, 79.5)",816
1984,"(31.0, 79.75)",815
1984,"(31.25, 78.25)",725
1984,"(31.25, 79.0)",699
1985,"(28.75, 80.0)",2353
1985,"(29.0, 79.25)",1806
1985,"(29.0, 79.5)",2035
1985,"(29.0, 79.75)",2230
1985,"(29.0, 80.0)",2287
1985,"(29.25, 79.0)",1927
1985,"(29.25, 79.25)",2194
1985,"(29.25, 79.5)",2084
1985,"(29.25, 79.75)",1988
1985,"(29.25, 80.0)",2092
1985,"(29.25, 80.25)",2299
1985,"(29.5, 78.75)",1564
1985,"(29.5, 79.0)",1686
1985,"(29.5, 79.25)",2095
1985,"(29.5, 79.5)",1526
1985,"(29.5, 79.75)",1873
1985,"(29.5, 80.0)",2214
1985,"(29.5, 80.25)",2352
1985,"(29.75, 78.0)",1402
1985,"(29.75, 78.25)",1402
1985,"(29.75, 78.5)",1964
1985,"(29.75, 78.75)",1906
1985,"(29.75, 79.0)",1727
1985,"(29.75, 79.25)",1691
1985,"(29.75, 79.5)",1424
1985,"(29.75, 79.75)",1917
1985,"(29.75, 80.0)",2477
1985,"(29.75, 80.25)",2390
1985,"(30.0, 77.75)",1150
1985,"(30.0, 78.0)",1693
1985,"(30.0, 78.25)",1716
1985,"(30.0, 78.5)",1653
1985,"(30.0, 78.75)",1442
1985,"(30.0, 79.0)",1060
1985,"(30.0, 79.25)",1317
1985,"(30.0, 79.5)",1235
1985,"(30.0, 79.75)",2081
1985,"(30.0, 80.0)",2331
1985,"(30.0, 80.25)",2321
1985,"(30.0, 80.5)",2320
1985,"(30.25, 78.0)",1790
1985,"(30.25, 78.25)",1501
1985,"(30.25, 78.5)",1335
1985,"(30.25, 78.75)",1231
1985,"(30.25, 79.0)",1036
1985,"(30.25, 79.25)",1171
1985,"(30.25, 79.5)",1254
1985,"(30.25, 79.75)",1840
1985,"(30.25, 80.0)",2262
1985,"(30.25, 80.25)",2343
1985,"(30.25, 80.5)",2356
1985,"(30.25, 80.75)",2351
1985,"(30.25, 81.0)",2315
1985,"(30.5, 78.0)",1778
1985,"(30.5, 78.25)",1588
1985,"(30.5, 78.5)",1687
1985,"(30.5, 78.75)",1879
1985,"(30.5, 79.0)",1694
1985,"(30.5, 79.25)",1209
1985,"(30.5, 79.5)",1262
1985,"(30.5, 79.75)",1283
1985,"(30.5, 80.0)",1719
1985,"(30.5, 80.25)",2277
1985,"(30.75, 77.75)",1654
1985,"(30.75, 78.0)",1424
1985,"(30.75, 78.25)",1706
1985,"(30.75, 78.5)",2344
1985,"(30.75, 78.75)",2203
1985,"(30.75, 79.0)",1830
1985,"(30.75, 79.25)",1401
1985,"(30.75, 79.5)",1446
1985,"(30.75, 79.75)",1311
1985,"(30.75, 80.0)",1504
1985,"(31.0, 78.0)",1466
1985,"(31.0, 78.25)",1674
1985,"(31.0, 78.5)",2141
1985,"(31.0, 78.75)",2208
1985,"(31.0, 79.0)",2033
1985,"(31.0, 79.25)",1443
1985,"(31.0, 79.5)",1398
1985,"(31.0, 79.75)",1351
1985,"(31.25, 78.25)",853
1985,"(31.25, 79.0)",2087
1986,"(28.75, 80.0)",2090
1986,"(29.0, 79.25)",1391
1986,"(29.0, 79.5)",1524
1986,"(29.0, 79.75)",1735
1986,"(29.0, 80.0)",2049
1986,"(29.25, 79.0)",1328
1986,"(29.25, 79.25)",1535
1986,"(29.25, 79.5)",1533
1986,"(29.25, 79.75)",1676
1986,"(29.25, 80.0)",2041
1986,"(29.25, 80.25)",2143
1986,"(29.5, 78.75)",1335
1986,"(29.5, 79.0)",1255
1986,"(29.5, 79.25)",1472
1986,"(29.5, 79.5)",1361
1986,"(29.5, 79.75)",1687
1986,"(29.5, 80.0)",2050
1986,"(29.5, 80.25)",2056
1986,"(29.75, 78.0)",1122
1986,"(29.75, 78.25)",1123
1986,"(29.75, 78.5)",1399
1986,"(29.75, 78.75)",1416
1986,"(29.75, 79.0)",1308
1986,"(29.75, 79.25)",1332
1986,"(29.75, 79.5)",1340
1986,"(29.75, 79.75)",1644
1986,"(29.75, 80.0)",2041
1986,"(29.75, 80.25)",1987
1986,"(30.0, 77.75)",1000
1986,"(30.0, 78.0)",1297
1986,"(30.0, 78.25)",1315
1986,"(30.0, 78.5)",1380
1986,"(30.0, 78.75)",1450
1986,"(30.0, 79.0)",1288
1986,"(30.0, 79.25)",1341
1986,"(30.0, 79.5)",1319
1986,"(30.0, 79.75)",1719
1986,"(30.0, 80.0)",2038
1986,"(30.0, 80.25)",2004
1986,"(30.0, 80.5)",1992
1986,"(30.25, 78.0)",1456
1986,"(30.25, 78.25)",1393
1986,"(30.25, 78.5)",1184
1986,"(30.25, 78.75)",1284
1986,"(30.25, 79.0)",1362
1986,"(30.25, 79.25)",1406
1986,"(30.25, 79.5)",1503
1986,"(30.25, 79.75)",1691
1986,"(30.25, 80.0)",1935
1986,"(30.25, 80.25)",2035
1986,"(30.25, 80.5)",2027
1986,"(30.25, 80.75)",2010
1986,"(30.25, 81.0)",1984
1986,"(30.5, 78.0)",1568
1986,"(30.5, 78.25)",1349
1986,"(30.5, 78.5)",1211
1986,"(30.5, 78.75)",1289
1986,"(30.5, 79.0)",1547
1986,"(30.5, 79.25)",1454
1986,"(30.5, 79.5)",1465
1986,"(30.5, 79.75)",1565
1986,"(30.5, 80.0)",1663
1986,"(30.5, 80.25)",1935
1986,"(30.75, 77.75)",1548
1986,"(30.75, 78.0)",1371
1986,"(30.75, 78.25)",1587
1986,"(30.75, 78.5)",800
1986,"(30.75, 78.75)",1147
1986,"(30.75, 79.0)",1362
1986,"(30.75, 79.25)",1580
1986,"(30.75, 79.5)",1684
1986,"(30.75, 79.75)",1582
1986,"(30.75, 80.0)",1583
1986,"(31.0, 78.0)",2059
1986,"(31.0, 78.25)",1886
1986,"(31.0, 78.5)",1069
1986,"(31.0, 78.75)",1187
1986,"(31.0, 79.0)",1320
1986,"(31.0, 79.25)",1569
1986,"(31.0, 79.5)",1583
1986,"(31.0, 79.75)",1582
1986,"(31.25, 78.25)",1115
1986,"(31.25, 79.0)",1262
1987,"(28.75, 80.0)",701
1987,"(29.0, 79.25)",761
1987,"(29.0, 79.5)",843
1987,"(29.0, 79.75)",802
1987,"(29.0, 80.0)",823
1987,"(29.25, 79.0)",935
1987,"(29.25, 79.25)",1118
1987,"(29.25, 79.5)",999
1987,"(29.25, 79.75)",1001
1987,"(29.25, 80.0)",1078
1987,"(29.25, 80.25)",1328
1987,"(29.5, 78.75)",814
1987,"(29.5, 79.0)",894
1987,"(29.5, 79.25)",800
1987,"(29.5, 79.5)",837
1987,"(29.5, 79.75)",1112
1987,"(29.5, 80.0)",1431
1987,"(29.5, 80.25)",1599
1987,"(29.75, 78.0)",681
1987,"(29.75, 78.25)",664
1987,"(29.75, 78.5)",1046
1987,"(29.75, 78.75)",979
1987,"(29.75, 79.0)",823
1987,"(29.75, 79.25)",838
1987,"(29.75, 79.5)",759
1987,"(29.75, 79.75)",1075
1987,"(29.75, 80.0)",1371
1987,"(29.75, 80.25)",1882
1987,"(30.0, 77.75)",760
1987,"(30.0, 78.0)",792
1987,"(30.0, 78.25)",764
1987,"(30.0, 78.5)",748
1987,"(30.0, 78.75)",678
1987,"(30.0, 79.0)",862
1987,"(30.0, 79.25)",898
1987,"(30.0, 79.5)",742
1987,"(30.0, 79.75)",1028
1987,"(30.0, 80.0)",1130
1987,"(30.0, 80.25)",1767
1987,"(30.0, 80.5)",1805
1987,"(30.25, 78.0)",1010
1987,"(30.25, 78.25)",742
1987,"(30.25, 78.5)",421
1987,"(30.25, 78.75)",529
1987,"(30.25, 79.0)",864
1987,"(30.25, 79.25)",1031
1987,"(30.25, 79.5)",1266
1987,"(30.25, 79.75)",1049
1987,"(30.25, 80.0)",1146
1987,"(30.25, 80.25)",1412
1987,"(30.25, 80.5)",1603
1987,"(30.25, 80.75)",1676
1987,"(30.25, 81.0)",1777
1987,"(30.5, 78.0)",683
1987,"(30.5, 78.25)",818
1987,"(30.5, 78.5)",732
1987,"(30.5, 78.75)",915
1987,"(30.5, 79.0)",1448
1987,"(30.5, 79.25)",1243
1987,"(30.5, 79.5)",1305
1987,"(30.5, 79.75)",1237
1987,"(30.5, 80.0)",1170
1987,"(30.5, 80.25)",1426
1987,"(30.75, 77.75)",1077
1987,"(30.75, 78.0)",1013
1987,"(30.75, 78.25)",952
1987,"(30.75, 78.5)",432
1987,"(30.75, 78.75)",764
1987,"(30.75, 79.0)",1289
1987,"(30.75, 79.25)",1379
1987,"(30.75, 79.5)",1419
1987,"(30.75, 79.75)",1332
1987,"(30.75, 80.0)",1206
1987,"(31.0, 78.0)",947
1987,"(31.0, 78.25)",888
1987,"(31.0, 78.5)",703
1987,"(31.0, 78.75)",753
1987,"(31.0, 79.0)",1143
1987,"(31.0, 79.25)",1382
1987,"(31.0, 79.5)",1385
1987,"(31.0, 79.75)",1367
1987,"(31.25, 78.25)",727
1987,"(31.25, 79.0)",1039
1988,"(28.75, 80.0)",1785
1988,"(29.0, 79.25)",1626
1988,"(29.0, 79.5)",1661
1988,"(29.0, 79.75)",1638
1988,"(29.0, 80.0)",1691
1988,"(29.25, 79.0)",1238
1988,"(29.25, 79.25)",1652
1988,"(29.25, 79.5)",1626
1988,"(29.25, 79.75)",1351
1988,"(29.25, 80.0)",1355
1988,"(29.25, 80.25)",1542
1988,"(29.5, 78.75)",1401
1988,"(29.5, 79.0)",1235
1988,"(29.5, 79.25)",1618
1988,"(29.5, 79.5)",1137
1988,"(29.5, 79.75)",1084
1988,"(29.5, 80.0)",1106
1988,"(29.5, 80.25)",1728
1988,"(29.75, 78.0)",1538
1988,"(29.75, 78.25)",1570
1988,"(29.75, 78.5)",1454
1988,"(29.75, 78.75)",1446
1988,"(29.75, 79.0)",1280
1988,"(29.75, 79.25)",1212
1988,"(29.75, 79.5)",1142
1988,"(29.75, 79.75)",1087
1988,"(29.75, 80.0)",1455
1988,"(29.75, 80.25)",2382
1988,"(30.0, 77.75)",1447
1988,"(30.0, 78.0)",1548
1988,"(30.0, 78.25)",1753
1988,"(30.0, 78.5)",1349
1988,"(30.0, 78.75)",1515
1988,"(30.0, 79.0)",1195
1988,"(30.0, 79.25)",1240
1988,"(30.0, 79.5)",1173
1988,"(30.0, 79.75)",1501
1988,"(30.0, 80.0)",1937
1988,"(30.0, 80.25)",2366
1988,"(30.0, 80.5)",2326
1988,"(30.25, 78.0)",1870
1988,"(30.25, 78.25)",1644
1988,"(30.25, 78.5)",1303
1988,"(30.25, 78.75)",1441
1988,"(30.25, 79.0)",1243
1988,"(30.25, 79.25)",1405
1988,"(30.25, 79.5)",1341
1988,"(30.25, 79.75)",1348
1988,"(30.25, 80.0)",1885
1988,"(30.25, 80.25)",2158
1988,"(30.25, 80.5)",2265
1988,"(30.25, 80.75)",2337
1988,"(30.25, 81.0)",2443
1988,"(30.5, 78.0)",1678
1988,"(30.5, 78.25)",1552
1988,"(30.5, 78.5)",1398
1988,"(30.5, 78.75)",1878
1988,"(30.5, 79.0)",2318
1988,"(30.5, 79.25)",1533
1988,"(30.5, 79.5)",1420
1988,"(30.5, 79.75)",1535
1988,"(30.5, 80.0)",1575
1988,"(30.5, 80.25)",2130
1988,"(30.75, 77.75)",2171
1988,"(30.75, 78.0)",1972
1988,"(30.75, 78.25)",1862
1988,"(30.75, 78.5)",1533
1988,"(30.75, 78.75)",1583
1988,"(30.75, 79.0)",1847
1988,"(30.75, 79.25)",1579
1988,"(30.75, 79.5)",1521
1988,"(30.75, 79.75)",1543
1988,"(30.75, 80.0)",1601
1988,"(31.0, 78.0)",1693
1988,"(31.0, 78.25)",1713
1988,"(31.0, 78.5)",1562
1988,"(31.0, 78.75)",1581
1988,"(31.0, 79.0)",1605
1988,"(31.0, 79.25)",1641
1988,"(31.0, 79.5)",1603
1988,"(31.0, 79.75)",1545
1988,"(31.25, 78.25)",1115
1988,"(31.25, 79.0)",1572
1989,"(28.75, 80.0)",1933
1989,"(29.0, 79.25)",1180
1989,"(29.0, 79.5)",1301
1989,"(29.0, 79.75)",1445
1989,"(29.0, 80.0)",1629
1989,"(29.25, 79.0)",1009
1989,"(29.25, 79.25)",1317
1989,"(29.25, 79.5)",1350
1989,"(29.25, 79.75)",1123
1989,"(29.25, 80.0)",1031
1989,"(29.25, 80.25)",1029
1989,"(29.5, 78.75)",1194
1989,"(29.5, 79.0)",972
1989,"(29.5, 79.25)",1466
1989,"(29.5, 79.5)",1111
1989,"(29.5, 79.75)",901
1989,"(29.5, 80.0)",683
1989,"(29.5, 80.25)",1044
1989,"(29.75, 78.0)",1479
1989,"(29.75, 78.25)",1316
1989,"(29.75, 78.5)",1952
1989,"(29.75, 78.75)",1502
1989,"(29.75, 79.0)",1067
1989,"(29.75, 79.25)",1079
1989,"(29.75, 79.5)",1006
1989,"(29.75, 79.75)",823
1989,"(29.75, 80.0)",879
1989,"(29.75, 80.25)",1393
1989,"(30.0, 77.75)",1539
1989,"(30.0, 78.0)",1846
1989,"(30.0, 78.25)",1929
1989,"(30.0, 78.5)",1466
1989,"(30.0, 78.75)",1297
1989,"(30.0, 79.0)",946
1989,"(30.0, 79.25)",879
1989,"(30.0, 79.5)",926
1989,"(30.0, 79.75)",1050
1989,"(30.0, 80.0)",1213
1989,"(30.0, 80.25)",1407
1989,"(30.0, 80.5)",1353
1989,"(30.25, 78.0)",2006
1989,"(30.25, 78.25)",1548
1989,"(30.25, 78.5)",971
1989,"(30.25, 78.75)",988
1989,"(30.25, 79.0)",908
1989,"(30.25, 79.25)",1119
1989,"(30.25, 79.5)",974
1989,"(30.25, 79.75)",894
1989,"(30.25, 80.0)",1189
1989,"(30.25, 80.25)",1300
1989,"(30.25, 80.5)",1309
1989,"(30.25, 80.75)",1343
1989,"(30.25, 81.0)",1375
1989,"(30.5, 78.0)",1477
1989,"(30.5, 78.25)",1158
1989,"(30.5, 78.5)",1049
1989,"(30.5, 78.75)",1665
1989,"(30.5, 79.0)",2394
1989,"(30.5, 79.25)",1110
1989,"(30.5, 79.5)",933
1989,"(30.5, 79.75)",1068
1989,"(30.5, 80.0)",1003
1989,"(30.5, 80.25)",1301
1989,"(30.75, 77.75)",1099
1989,"(30.75, 78.0)",1257
1989,"(30.75, 78.25)",1355
1989,"(30.75, 78.5)",1202
1989,"(30.75, 78.75)",1286
1989,"(30.75, 79.0)",1720
1989,"(30.75, 79.25)",1183
1989,"(30.75, 79.5)",1044
1989,"(30.75, 79.75)",1079
1989,"(30.75, 80.0)",1045
1989,"(31.0, 78.0)",989
1989,"(31.0, 78.25)",1199
1989,"(31.0, 78.5)",1147
1989,"(31.0, 78.75)",1248
1989,"(31.0, 79.0)",1340
1989,"(31.0, 79.25)",1335
1989,"(31.0, 79.5)",1174
1989,"(31.0, 79.75)",1083
1989,"(31.25, 78.25)",950
1989,"(31.25, 79.0)",1315
1990,"(28.75, 80.0)",2420
1990,"(29.0, 79.25)",1814
1990,"(29.0, 79.5)",1509
1990,"(29.0, 79.75)",913
1990,"(29.0, 80.0)",1803
1990,"(29.25, 79.0)",1160
1990,"(29.25, 79.25)",1671
1990,"(29.25, 79.5)",1765
1990,"(29.25, 79.75)",1123
1990,"(29.25, 80.0)",1442
1990,"(29.25, 80.25)",1361
1990,"(29.5, 78.75)",1326
1990,"(29.5, 79.0)",1221
1990,"(29.5, 79.25)",1949
1990,"(29.5, 79.5)",1548
1990,"(29.5, 79.75)",929
1990,"(29.5, 80.0)",1163
1990,"(29.5, 80.25)",1008
1990,"(29.75, 78.0)",1902
1990,"(29.75, 78.25)",1926
1990,"(29.75, 78.5)",1900
1990,"(29.75, 78.75)",1686
1990,"(29.75, 79.0)",1433
1990,"(29.75, 79.25)",1483
1990,"(29.75, 79.5)",1231
1990,"(29.75, 79.75)",394
1990,"(29.75, 80.0)",699
1990,"(29.75, 80.25)",913
1990,"(30.0, 77.75)",1873
1990,"(30.0, 78.0)",2031
1990,"(30.0, 78.25)",2064
1990,"(30.0, 78.5)",1440
1990,"(30.0, 78.75)",1323
1990,"(30.0, 79.0)",1484
1990,"(30.0, 79.25)",1750
1990,"(30.0, 79.5)",1067
1990,"(30.0, 79.75)",654
1990,"(30.0, 80.0)",742
1990,"(30.0, 80.25)",852
1990,"(30.0, 80.5)",866
1990,"(30.25, 78.0)",2442
1990,"(30.25, 78.25)",1683
1990,"(30.25, 78.5)",857
1990,"(30.25, 78.75)",1270
1990,"(30.25, 79.0)",1537
1990,"(30.25, 79.25)",1969
1990,"(30.25, 79.5)",1647
1990,"(30.25, 79.75)",959
1990,"(30.25, 80.0)",896
1990,"(30.25, 80.25)",852
1990,"(30.25, 80.5)",858
1990,"(30.25, 80.75)",839
1990,"(30.25, 81.0)",906
1990,"(30.5, 78.0)",1783
1990,"(30.5, 78.25)",1426
1990,"(30.5, 78.5)",1261
1990,"(30.5, 78.75)",1701
1990,"(30.5, 79.0)",2409
1990,"(30.5, 79.25)",1963
1990,"(30.5, 79.5)",1310
1990,"(30.5, 79.75)",1582
1990,"(30.5, 80.0)",1152
1990,"(30.5, 80.25)",890
1990,"(30.75, 77.75)",1688
1990,"(30.75, 78.0)",1555
1990,"(30.75, 78.25)",1550
1990,"(30.75, 78.5)",1385
1990,"(30.75, 78.75)",1412
1990,"(30.75, 79.0)",1897
1990,"(30.75, 79.25)",1666
1990,"(30.75, 79.5)",1490
1990,"(30.75, 79.75)",1573
1990,"(30.75, 80.0)",1444
1990,"(31.0, 78.0)",1161
1990,"(31.0, 78.25)",1460
1990,"(31.0, 78.5)",1345
1990,"(31.0, 78.75)",1391
1990,"(31.0, 79.0)",1579
1990,"(31.0, 79.25)",1771
1990,"(31.0, 79.5)",1666
1990,"(31.0, 79.75)",1550
1990,"(31.25, 78.25)",654
1990,"(31.25, 79.0)",1465
1991,"(28.75, 80.0)",1821
1991,"(29.0, 79.25)",760
1991,"(29.0, 79.5)",721
1991,"(29.0, 79.75)",685
1991,"(29.0, 80.0)",1270
1991,"(29.25, 79.0)",561
1991,"(29.25, 79.25)",983
1991,"(29.25, 79.5)",989
1991,"(29.25, 79.75)",738
1991,"(29.25, 80.0)",820
1991,"(29.25, 80.25)",969
1991,"(29.5, 78.75)",759
1991,"(29.5, 79.0)",510
1991,"(29.5, 79.25)",1070
1991,"(29.5, 79.5)",866
1991,"(29.5, 79.75)",827
1991,"(29.5, 80.0)",905
1991,"(29.5, 80.25)",937
1991,"(29.75, 78.0)",1012
1991,"(29.75, 78.25)",993
1991,"(29.75, 78.5)",1119
1991,"(29.75, 78.75)",925
1991,"(29.75, 79.0)",707
1991,"(29.75, 79.25)",842
1991,"(29.75, 79.5)",799
1991,"(29.75, 79.75)",832
1991,"(29.75, 80.0)",880
1991,"(29.75, 80.25)",953
1991,"(30.0, 77.75)",992
1991,"(30.0, 78.0)",1142
1991,"(30.0, 78.25)",1290
1991,"(30.0, 78.5)",887
1991,"(30.0, 78.75)",869
1991,"(30.0, 79.0)",1010
1991,"(30.0, 79.25)",1109
1991,"(30.0, 79.5)",906
1991,"(30.0, 79.75)",739
1991,"(30.0, 80.0)",703
1991,"(30.0, 80.25)",825
1991,"(30.0, 80.5)",856
1991,"(30.25, 78.0)",1260
1991,"(30.25, 78.25)",1048
1991,"(30.25, 78.5)",611
1991,"(30.25, 78.75)",957
1991,"(30.25, 79.0)",1153
1991,"(30.25, 79.25)",1319
1991,"(30.25, 79.5)",1365
1991,"(30.25, 79.75)",1110
1991,"(30.25, 80.0)",883
1991,"(30.25, 80.25)",828
1991,"(30.25, 80.5)",815
1991,"(30.25, 80.75)",799
1991,"(30.25, 81.0)",792
1991,"(30.5, 78.0)",679
1991,"(30.5, 78.25)",920
1991,"(30.5, 78.5)",835
1991,"(30.5, 78.75)",1253
1991,"(30.5, 79.0)",1521
1991,"(30.5, 79.25)",1453
1991,"(30.5, 79.5)",1388
1991,"(30.5, 79.75)",1295
1991,"(30.5, 80.0)",1117
1991,"(30.5, 80.25)",992
1991,"(30.75, 77.75)",978
1991,"(30.75, 78.0)",777
1991,"(30.75, 78.25)",868
1991,"(30.75, 78.5)",966
1991,"(30.75, 78.75)",1077
1991,"(30.75, 79.0)",1332
1991,"(30.75, 79.25)",1436
1991,"(30.75, 79.5)",1403
1991,"(30.75, 79.75)",1354
1991,"(30.75, 80.0)",1233
1991,"(31.0, 78.0)",883
1991,"(31.0, 78.25)",939
1991,"(31.0, 78.5)",1005
1991,"(31.0, 78.75)",1067
1991,"(31.0, 79.0)",1222
1991,"(31.0, 79.25)",1410
1991,"(31.0, 79.5)",1427
1991,"(31.0, 79.75)",1406
1991,"(31.25, 78.25)",833
1991,"(31.25, 79.0)",1183
1992,"(28.75, 80.0)",1645
1992,"(29.0, 79.25)",1353
1992,"(29.0, 79.5)",1351
1992,"(29.0, 79.75)",1438
1992,"(29.0, 80.0)",1522
1992,"(29.25, 79.0)",1348
1992,"(29.25, 79.25)",1482
1992,"(29.25, 79.5)",1411
1992,"(29.25, 79.75)",1326
1992,"(29.25, 80.0)",1339
1992,"(29.25, 80.25)",1328
1992,"(29.5, 78.75)",934
1992,"(29.5, 79.0)",1007
1992,"(29.5, 79.25)",1577
1992,"(29.5, 79.5)",1179
1992,"(29.5, 79.75)",1211
1992,"(29.5, 80.0)",1203
1992,"(29.5, 80.25)",1147
1992,"(29.75, 78.0)",1245
1992,"(29.75, 78.25)",1179
1992,"(29.75, 78.5)",1583
1992,"(29.75, 78.75)",1212
1992,"(29.75, 79.0)",1016
1992,"(29.75, 79.25)",1329
1992,"(29.75, 79.5)",1156
1992,"(29.75, 79.75)",965
1992,"(29.75, 80.0)",1021
1992,"(29.75, 80.25)",1090
1992,"(30.0, 77.75)",1125
1992,"(30.0, 78.0)",1580
1992,"(30.0, 78.25)",1326
1992,"(30.0, 78.5)",1155
1992,"(30.0, 78.75)",894
1992,"(30.0, 79.0)",701
1992,"(30.0, 79.25)",796
1992,"(30.0, 79.5)",1141
1992,"(30.0, 79.75)",1018
1992,"(30.0, 80.0)",1030
1992,"(30.0, 80.25)",1053
1992,"(30.0, 80.5)",1060
1992,"(30.25, 78.0)",1354
1992,"(30.25, 78.25)",1109
1992,"(30.25, 78.5)",775
1992,"(30.25, 78.75)",721
1992,"(30.25, 79.0)",771
1992,"(30.25, 79.25)",969
1992,"(30.25, 79.5)",1184
1992,"(30.25, 79.75)",1166
1992,"(30.25, 80.0)",1085
1992,"(30.25, 80.25)",1077
1992,"(30.25, 80.5)",1045
1992,"(30.25, 80.75)",1040
1992,"(30.25, 81.0)",1075
1992,"(30.5, 78.0)",1017
1992,"(30.5, 78.25)",930
1992,"(30.5, 78.5)",1140
1992,"(30.5, 78.75)",1378
1992,"(30.5, 79.0)",1859
1992,"(30.5, 79.25)",1159
1992,"(30.5, 79.5)",1097
1992,"(30.5, 79.75)",1346
1992,"(30.5, 80.0)",1189
1992,"(30.5, 80.25)",1084
1992,"(30.75, 77.75)",1423
1992,"(30.75, 78.0)",1330
1992,"(30.75, 78.25)",1411
1992,"(30.75, 78.5)",1457
1992,"(30.75, 78.75)",1291
1992,"(30.75, 79.0)",1479
1992,"(30.75, 79.25)",1195
1992,"(30.75, 79.5)",1015
1992,"(30.75, 79.75)",1202
1992,"(30.75, 80.0)",1269
1992,"(31.0, 78.0)",1032
1992,"(31.0, 78.25)",1191
1992,"(31.0, 78.5)",1253
1992,"(31.0, 78.75)",1235
1992,"(31.0, 79.0)",1212
1992,"(31.0, 79.25)",1208
1992,"(31.0, 79.5)",960
1992,"(31.0, 79.75)",1046
1992,"(31.25, 78.25)",748
1992,"(31.25, 79.0)",1232
1993,"(28.75, 80.0)",2251
1993,"(29.0, 79.25)",1139
1993,"(29.0, 79.5)",1338
1993,"(29.0, 79.75)",1889
1993,"(29.0, 80.0)",2092
1993,"(29.25, 79.0)",1081
1993,"(29.25, 79.25)",1409
1993,"(29.25, 79.5)",1682
1993,"(29.25, 79.75)",1870
1993,"(29.25, 80.0)",2145
1993,"(29.25, 80.25)",2158
1993,"(29.5, 78.75)",942
1993,"(29.5, 79.0)",929
1993,"(29.5, 79.25)",1320
1993,"(29.5, 79.5)",1856
1993,"(29.5, 79.75)",1901
1993,"(29.5, 80.0)",2103
1993,"(29.5, 80.25)",2185
1993,"(29.75, 78.0)",1236
1993,"(29.75, 78.25)",1282
1993,"(29.75, 78.5)",1277
1993,"(29.75, 78.75)",989
1993,"(29.75, 79.0)",1013
1993,"(29.75, 79.25)",1235
1993,"(29.75, 79.5)",1579
1993,"(29.75, 79.75)",1951
1993,"(29.75, 80.0)",2086
1993,"(29.75, 80.25)",2227
1993,"(30.0, 77.75)",1223
1993,"(30.0, 78.0)",1449
1993,"(30.0, 78.25)",1390
1993,"(30.0, 78.5)",1382
1993,"(30.0, 78.75)",1063
1993,"(30.0, 79.0)",1106
1993,"(30.0, 79.25)",1234
1993,"(30.0, 79.5)",1581
1993,"(30.0, 79.75)",1943
1993,"(30.0, 80.0)",1993
1993,"(30.0, 80.25)",2188
1993,"(30.0, 80.5)",2202
1993,"(30.25, 78.0)",1973
1993,"(30.25, 78.25)",1658
1993,"(30.25, 78.5)",1646
1993,"(30.25, 78.75)",1351
1993,"(30.25, 79.0)",1231
1993,"(30.25, 79.25)",1252
1993,"(30.25, 79.5)",1352
1993,"(30.25, 79.75)",1686
1993,"(30.25, 80.0)",1955
1993,"(30.25, 80.25)",2059
1993,"(30.25, 80.5)",2133
1993,"(30.25, 80.75)",2161
1993,"(30.25, 81.0)",2197
1993,"(30.5, 78.0)",1659
1993,"(30.5, 78.25)",1585
1993,"(30.5, 78.5)",1586
1993,"(30.5, 78.75)",1460
1993,"(30.5, 79.0)",1273
1993,"(30.5, 79.25)",1219
1993,"(30.5, 79.5)",1236
1993,"(30.5, 79.75)",1393
1993,"(30.5, 80.0)",1731
1993,"(30.5, 80.25)",2017
1993,"(30.75, 77.75)",1228
1993,"(30.75, 78.0)",1127
1993,"(30.75, 78.25)",1518
1993,"(30.75, 78.5)",1511
1993,"(30.75, 78.75)",1430
1993,"(30.75, 79.0)",1253
1993,"(30.75, 79.25)",1224
1993,"(30.75, 79.5)",1247
1993,"(30.75, 79.75)",1315
1993,"(30.75, 80.0)",1556
1993,"(31.0, 78.0)",1359
1993,"(31.0, 78.25)",1345
1993,"(31.0, 78.5)",1355
1993,"(31.0, 78.75)",1380
1993,"(31.0, 79.0)",1269
1993,"(31.0, 79.25)",1235
1993,"(31.0, 79.5)",1247
1993,"(31.0, 79.75)",1278
1993,"(31.25, 78.25)",997
1993,"(31.25, 79.0)",1121
1994,"(28.75, 80.0)",1105
1994,"(29.0, 79.25)",858
1994,"(29.0, 79.5)",870
1994,"(29.0, 79.75)",1028
1994,"(29.0, 80.0)",1043
1994,"(29.25, 79.0)",973
1994,"(29.25, 79.25)",956
1994,"(29.25, 79.5)",1022
1994,"(29.25, 79.75)",1071
1994,"(29.25, 80.0)",1379
1994,"(29.25, 80.25)",1570
1994,"(29.5, 78.75)",926
1994,"(29.5, 79.0)",754
1994,"(29.5, 79.25)",892
1994,"(29.5, 79.5)",1064
1994,"(29.5, 79.75)",1274
1994,"(29.5, 80.0)",1719
1994,"(29.5, 80.25)",2038
1994,"(29.75, 78.0)",1108
1994,"(29.75, 78.25)",1254
1994,"(29.75, 78.5)",1231
1994,"(29.75, 78.75)",918
1994,"(29.75, 79.0)",785
1994,"(29.75, 79.25)",869
1994,"(29.75, 79.5)",1001
1994,"(29.75, 79.75)",1454
1994,"(29.75, 80.0)",1873
1994,"(29.75, 80.25)",2277
1994,"(30.0, 77.75)",1031
1994,"(30.0, 78.0)",1103
1994,"(30.0, 78.25)",1257
1994,"(30.0, 78.5)",1204
1994,"(30.0, 78.75)",971
1994,"(30.0, 79.0)",839
1994,"(30.0, 79.25)",866
1994,"(30.0, 79.5)",1063
1994,"(30.0, 79.75)",1485
1994,"(30.0, 80.0)",1667
1994,"(30.0, 80.25)",2163
1994,"(30.0, 80.5)",2198
1994,"(30.25, 78.0)",1720
1994,"(30.25, 78.25)",1585
1994,"(30.25, 78.5)",1641
1994,"(30.25, 78.75)",1289
1994,"(30.25, 79.0)",991
1994,"(30.25, 79.25)",888
1994,"(30.25, 79.5)",978
1994,"(30.25, 79.75)",1281
1994,"(30.25, 80.0)",1608
1994,"(30.25, 80.25)",1834
1994,"(30.25, 80.5)",2054
1994,"(30.25, 80.75)",2130
1994,"(30.25, 81.0)",2192
1994,"(30.5, 78.0)",1715
1994,"(30.5, 78.25)",1722
1994,"(30.5, 78.5)",1703
1994,"(30.5, 78.75)",1441
1994,"(30.5, 79.0)",1035
1994,"(30.5, 79.25)",897
1994,"(30.5, 79.5)",928
1994,"(30.5, 79.75)",1101
1994,"(30.5, 80.0)",1379
1994,"(30.5, 80.25)",1784
1994,"(30.75, 77.75)",1350
1994,"(30.75, 78.0)",1378
1994,"(30.75, 78.25)",1712
1994,"(30.75, 78.5)",1714
1994,"(30.75, 78.75)",1404
1994,"(30.75, 79.0)",999
1994,"(30.75, 79.25)",921
1994,"(30.75, 79.5)",929
1994,"(30.75, 79.75)",1011
1994,"(30.75, 80.0)",1186
1994,"(31.0, 78.0)",1674
1994,"(31.0, 78.25)",1605
1994,"(31.0, 78.5)",1566
1994,"(31.0, 78.75)",1397
1994,"(31.0, 79.0)",1009
1994,"(31.0, 79.25)",937
1994,"(31.0, 79.5)",925
1994,"(31.0, 79.75)",940
1994,"(31.25, 78.25)",1209
1994,"(31.25, 79.0)",890
1995,"(28.75, 80.0)",1616
1995,"(29.0, 79.25)",1109
1995,"(29.0, 79.5)",1134
1995,"(29.0, 79.75)",1432
1995,"(29.0, 80.0)",1533
1995,"(29.25, 79.0)",1385
1995,"(29.25, 79.25)",1265
1995,"(29.25, 79.5)",1240
1995,"(29.25, 79.75)",1304
1995,"(29.25, 80.0)",1682
1995,"(29.25, 80.25)",1835
1995,"(29.5, 78.75)",1415
1995,"(29.5, 79.0)",1175
1995,"(29.5, 79.25)",1197
1995,"(29.5, 79.5)",1206
1995,"(29.5, 79.75)",1438
1995,"(29.5, 80.0)",1841
1995,"(29.5, 80.25)",2089
1995,"(29.75, 78.0)",1277
1995,"(29.75, 78.25)",1349
1995,"(29.75, 78.5)",1536
1995,"(29.75, 78.75)",1344
1995,"(29.75, 79.0)",1215
1995,"(29.75, 79.25)",1211
1995,"(29.75, 79.5)",1178
1995,"(29.75, 79.75)",1507
1995,"(29.75, 80.0)",1940
1995,"(29.75, 80.25)",2100
1995,"(30.0, 77.75)",1363
1995,"(30.0, 78.0)",1272
1995,"(30.0, 78.25)",1382
1995,"(30.0, 78.5)",1702
1995,"(30.0, 78.75)",1480
1995,"(30.0, 79.0)",1187
1995,"(30.0, 79.25)",1168
1995,"(30.0, 79.5)",1187
1995,"(30.0, 79.75)",1526
1995,"(30.0, 80.0)",1858
1995,"(30.0, 80.25)",2061
1995,"(30.0, 80.5)",2084
1995,"(30.25, 78.0)",1583
1995,"(30.25, 78.25)",1813
1995,"(30.25, 78.5)",1965
1995,"(30.25, 78.75)",1733
1995,"(30.25, 79.0)",1276
1995,"(30.25, 79.25)",1144
1995,"(30.25, 79.5)",1152
1995,"(30.25, 79.75)",1308
1995,"(30.25, 80.0)",1755
1995,"(30.25, 80.25)",1964
1995,"(30.25, 80.5)",2025
1995,"(30.25, 80.75)",2064
1995,"(30.25, 81.0)",2121
1995,"(30.5, 78.0)",1597
1995,"(30.5, 78.25)",2234
1995,"(30.5, 78.5)",2152
1995,"(30.5, 78.75)",1810
1995,"(30.5, 79.0)",1292
1995,"(30.5, 79.25)",1133
1995,"(30.5, 79.5)",1133
1995,"(30.5, 79.75)",1187
1995,"(30.5, 80.0)",1378
1995,"(30.5, 80.25)",1892
1995,"(30.75, 77.75)",1216
1995,"(30.75, 78.0)",1137
1995,"(30.75, 78.25)",2123
1995,"(30.75, 78.5)",2081
1995,"(30.75, 78.75)",1804
1995,"(30.75, 79.0)",1260
1995,"(30.75, 79.25)",1144
1995,"(30.75, 79.5)",1129
1995,"(30.75, 79.75)",1148
1995,"(30.75, 80.0)",1206
1995,"(31.0, 78.0)",1653
1995,"(31.0, 78.25)",1742
1995,"(31.0, 78.5)",1860
1995,"(31.0, 78.75)",1749
1995,"(31.0, 79.0)",1310
1995,"(31.0, 79.25)",1153
1995,"(31.0, 79.5)",1130
1995,"(31.0, 79.75)",1127
1995,"(31.25, 78.25)",1278
1995,"(31.25, 79.0)",1230
1996,"(28.75, 80.0)",1759
1996,"(29.0, 79.25)",1398
1996,"(29.0, 79.5)",1764
1996,"(29.0, 79.75)",1431
1996,"(29.0, 80.0)",1535
1996,"(29.25, 79.0)",1341
1996,"(29.25, 79.25)",2040
1996,"(29.25, 79.5)",1743
1996,"(29.25, 79.75)",1049
1996,"(29.25, 80.0)",1060
1996,"(29.25, 80.25)",1184
1996,"(29.5, 78.75)",1007
1996,"(29.5, 79.0)",843
1996,"(29.5, 79.25)",1193
1996,"(29.5, 79.5)",954
1996,"(29.5, 79.75)",1032
1996,"(29.5, 80.0)",724
1996,"(29.5, 80.25)",1249
1996,"(29.75, 78.0)",942
1996,"(29.75, 78.25)",1064
1996,"(29.75, 78.5)",1909
1996,"(29.75, 78.75)",1449
1996,"(29.75, 79.0)",857
1996,"(29.75, 79.25)",858
1996,"(29.75, 79.5)",878
1996,"(29.75, 79.75)",1399
1996,"(29.75, 80.0)",1318
1996,"(29.75, 80.25)",1951
1996,"(30.0, 77.75)",1376
1996,"(30.0, 78.0)",1153
1996,"(30.0, 78.25)",1021
1996,"(30.0, 78.5)",1472
1996,"(30.0, 78.75)",1399
1996,"(30.0, 79.0)",789
1996,"(30.0, 79.25)",1030
1996,"(30.0, 79.5)",1196
1996,"(30.0, 79.75)",1315
1996,"(30.0, 80.0)",1593
1996,"(30.0, 80.25)",1926
1996,"(30.0, 80.5)",1888
1996,"(30.25, 78.0)",1378
1996,"(30.25, 78.25)",752
1996,"(30.25, 78.5)",1095
1996,"(30.25, 78.75)",1104
1996,"(30.25, 79.0)",610
1996,"(30.25, 79.25)",1190
1996,"(30.25, 79.5)",1287
1996,"(30.25, 79.75)",1405
1996,"(30.25, 80.0)",1519
1996,"(30.25, 80.25)",1707
1996,"(30.25, 80.5)",1858
1996,"(30.25, 80.75)",1937
1996,"(30.25, 81.0)",2016
1996,"(30.5, 78.0)",1274
1996,"(30.5, 78.25)",1384
1996,"(30.5, 78.5)",1349
1996,"(30.5, 78.75)",1160
1996,"(30.5, 79.0)",1204
1996,"(30.5, 79.25)",1729
1996,"(30.5, 79.5)",1202
1996,"(30.5, 79.75)",1265
1996,"(30.5, 80.0)",1369
1996,"(30.5, 80.25)",1807
1996,"(30.75, 77.75)",1092
1996,"(30.75, 78.0)",1323
1996,"(30.75, 78.25)",1602
1996,"(30.75, 78.5)",1739
1996,"(30.75, 78.75)",1324
1996,"(30.75, 79.0)",1356
1996,"(30.75, 79.25)",1262
1996,"(30.75, 79.5)",1219
1996,"(30.75, 79.75)",1269
1996,"(30.75, 80.0)",1374
1996,"(31.0, 78.0)",1512
1996,"(31.0, 78.25)",1659
1996,"(31.0, 78.5)",1512
1996,"(31.0, 78.75)",1407
1996,"(31.0, 79.0)",1309
1996,"(31.0, 79.25)",1374
1996,"(31.0, 79.5)",1284
1996,"(31.0, 79.75)",1277
1996,"(31.25, 78.25)",1151
1996,"(31.25, 79.0)",1278
1997,"(28.75, 80.0)",1460
1997,"(29.0, 79.25)",1474
1997,"(29.0, 79.5)",755
1997,"(29.0, 79.75)",974
1997,"(29.0, 80.0)",1206
1997,"(29.25, 79.0)",239
1997,"(29.25, 79.25)",364
1997,"(29.25, 79.5)",802
1997,"(29.25, 79.75)",712
1997,"(29.25, 80.0)",674
1997,"(29.25, 80.25)",729
1997,"(29.5, 78.75)",292
1997,"(29.5, 79.0)",218
1997,"(29.5, 79.25)",573
1997,"(29.5, 79.5)",1093
1997,"(29.5, 79.75)",700
1997,"(29.5, 80.0)",555
1997,"(29.5, 80.25)",684
1997,"(29.75, 78.0)",722
1997,"(29.75, 78.25)",409
1997,"(29.75, 78.5)",431
1997,"(29.75, 78.75)",373
1997,"(29.75, 79.0)",414
1997,"(29.75, 79.25)",701
1997,"(29.75, 79.5)",772
1997,"(29.75, 79.75)",923
1997,"(29.75, 80.0)",775
1997,"(29.75, 80.25)",826
1997,"(30.0, 77.75)",782
1997,"(30.0, 78.0)",1296
1997,"(30.0, 78.25)",543
1997,"(30.0, 78.5)",489
1997,"(30.0, 78.75)",855
1997,"(30.0, 79.0)",477
1997,"(30.0, 79.25)",662
1997,"(30.0, 79.5)",856
1997,"(30.0, 79.75)",1220
1997,"(30.0, 80.0)",1712
1997,"(30.0, 80.25)",1082
1997,"(30.0, 80.5)",1005
1997,"(30.25, 78.0)",696
1997,"(30.25, 78.25)",393
1997,"(30.25, 78.5)",628
1997,"(30.25, 78.75)",1154
1997,"(30.25, 79.0)",242
1997,"(30.25, 79.25)",640
1997,"(30.25, 79.5)",753
1997,"(30.25, 79.75)",1385
1997,"(30.25, 80.0)",1612
1997,"(30.25, 80.25)",1446
1997,"(30.25, 80.5)",1191
1997,"(30.25, 80.75)",1124
1997,"(30.25, 81.0)",1054
1997,"(30.5, 78.0)",772
1997,"(30.5, 78.25)",1020
1997,"(30.5, 78.5)",1012
1997,"(30.5, 78.75)",918
1997,"(30.5, 79.0)",913
1997,"(30.5, 79.25)",955
1997,"(30.5, 79.5)",687
1997,"(30.5, 79.75)",1024
1997,"(30.5, 80.0)",1272
1997,"(30.5, 80.25)",1378
1997,"(30.75, 77.75)",954
1997,"(30.75, 78.0)",946
1997,"(30.75, 78.25)",1063
1997,"(30.75, 78.5)",1057
1997,"(30.75, 78.75)",794
1997,"(30.75, 79.0)",789
1997,"(30.75, 79.25)",722
1997,"(30.75, 79.5)",707
1997,"(30.75, 79.75)",816
1997,"(30.75, 80.0)",1228
1997,"(31.0, 78.0)",1084
1997,"(31.0, 78.25)",1034
1997,"(31.0, 78.5)",874
1997,"(31.0, 78.75)",849
1997,"(31.0, 79.0)",764
1997,"(31.0, 79.25)",800
1997,"(31.0, 79.5)",742
1997,"(31.0, 79.75)",781
1997,"(31.25, 78.25)",877
1997,"(31.25, 79.0)",757
1998,"(28.75, 80.0)",2096
1998,"(29.0, 79.25)",1452
1998,"(29.0, 79.5)",1083
1998,"(29.0, 79.75)",1222
1998,"(29.0, 80.0)",1541
1998,"(29.25, 79.0)",456
1998,"(29.25, 79.25)",769
1998,"(29.25, 79.5)",1142
1998,"(29.25, 79.75)",562
1998,"(29.25, 80.0)",586
1998,"(29.25, 80.25)",785
1998,"(29.5, 78.75)",828
1998,"(29.5, 79.0)",921
1998,"(29.5, 79.25)",1536
1998,"(29.5, 79.5)",1476
1998,"(29.5, 79.75)",614
1998,"(29.5, 80.0)",819
1998,"(29.5, 80.25)",888
1998,"(29.75, 78.0)",1146
1998,"(29.75, 78.25)",852
1998,"(29.75, 78.5)",1859
1998,"(29.75, 78.75)",1404
1998,"(29.75, 79.0)",1198
1998,"(29.75, 79.25)",1518
1998,"(29.75, 79.5)",1369
1998,"(29.75, 79.75)",1227
1998,"(29.75, 80.0)",979
1998,"(29.75, 80.25)",1140
1998,"(30.0, 77.75)",1465
1998,"(30.0, 78.0)",1878
1998,"(30.0, 78.25)",1043
1998,"(30.0, 78.5)",1450
1998,"(30.0, 78.75)",1714
1998,"(30.0, 79.0)",1143
1998,"(30.0, 79.25)",1097
1998,"(30.0, 79.5)",1407
1998,"(30.0, 79.75)",2153
1998,"(30.0, 80.0)",3241
1998,"(30.0, 80.25)",2053
1998,"(30.0, 80.5)",1776
1998,"(30.25, 78.0)",1414
1998,"(30.25, 78.25)",504
1998,"(30.25, 78.5)",1058
1998,"(30.25, 78.75)",1533
1998,"(30.25, 79.0)",878
1998,"(30.25, 79.25)",893
1998,"(30.25, 79.5)",959
1998,"(30.25, 79.75)",2285
1998,"(30.25, 80.0)",3093
1998,"(30.25, 80.25)",2754
1998,"(30.25, 80.5)",2229
1998,"(30.25, 80.75)",2152
1998,"(30.25, 81.0)",2078
1998,"(30.5, 78.0)",1265
1998,"(30.5, 78.25)",1210
1998,"(30.5, 78.5)",1225
1998,"(30.5, 78.75)",1561
1998,"(30.5, 79.0)",1146
1998,"(30.5, 79.25)",868
1998,"(30.5, 79.5)",763
1998,"(30.5, 79.75)",1734
1998,"(30.5, 80.0)",2402
1998,"(30.5, 80.25)",2564
1998,"(30.75, 77.75)",1391
1998,"(30.75, 78.0)",1204
1998,"(30.75, 78.25)",2043
1998,"(30.75, 78.5)",2015
1998,"(30.75, 78.75)",1647
1998,"(30.75, 79.0)",1244
1998,"(30.75, 79.25)",833
1998,"(30.75, 79.5)",783
1998,"(30.75, 79.75)",1225
1998,"(30.75, 80.0)",2014
1998,"(31.0, 78.0)",863
1998,"(31.0, 78.25)",1188
1998,"(31.0, 78.5)",1744
1998,"(31.0, 78.75)",1716
1998,"(31.0, 79.0)",1322
1998,"(31.0, 79.25)",962
1998,"(31.0, 79.5)",838
1998,"(31.0, 79.75)",1038
1998,"(31.25, 78.25)",882
1998,"(31.25, 79.0)",1435
1999,"(28.75, 80.0)",1437
1999,"(29.0, 79.25)",1474
1999,"(29.0, 79.5)",1116
1999,"(29.0, 79.75)",1178
1999,"(29.0, 80.0)",1227
1999,"(29.25, 79.0)",846
1999,"(29.25, 79.25)",1343
1999,"(29.25, 79.5)",1245
1999,"(29.25, 79.75)",770
1999,"(29.25, 80.0)",1020
1999,"(29.25, 80.25)",1100
1999,"(29.5, 78.75)",652
1999,"(29.5, 79.0)",643
1999,"(29.5, 79.25)",1749
1999,"(29.5, 79.5)",926
1999,"(29.5, 79.75)",910
1999,"(29.5, 80.0)",676
1999,"(29.5, 80.25)",1058
1999,"(29.75, 78.0)",692
1999,"(29.75, 78.25)",712
1999,"(29.75, 78.5)",1264
1999,"(29.75, 78.75)",978
1999,"(29.75, 79.0)",989
1999,"(29.75, 79.25)",1142
1999,"(29.75, 79.5)",924
1999,"(29.75, 79.75)",1231
1999,"(29.75, 80.0)",1114
1999,"(29.75, 80.25)",1330
1999,"(30.0, 77.75)",963
1999,"(30.0, 78.0)",1133
1999,"(30.0, 78.25)",1606
1999,"(30.0, 78.5)",1008
1999,"(30.0, 78.75)",862
1999,"(30.0, 79.0)",1040
1999,"(30.0, 79.25)",1141
1999,"(30.0, 79.5)",1176
1999,"(30.0, 79.75)",2249
1999,"(30.0, 80.0)",3500
1999,"(30.0, 80.25)",1984
1999,"(30.0, 80.5)",1743
1999,"(30.25, 78.0)",1920
1999,"(30.25, 78.25)",1278
1999,"(30.25, 78.5)",625
1999,"(30.25, 78.75)",629
1999,"(30.25, 79.0)",790
1999,"(30.25, 79.25)",992
1999,"(30.25, 79.5)",1027
1999,"(30.25, 79.75)",2310
1999,"(30.25, 80.0)",3371
1999,"(30.25, 80.25)",2944
1999,"(30.25, 80.5)",2253
1999,"(30.25, 80.75)",2097
1999,"(30.25, 81.0)",1894
1999,"(30.5, 78.0)",1157
1999,"(30.5, 78.25)",986
1999,"(30.5, 78.5)",944
1999,"(30.5, 78.75)",867
1999,"(30.5, 79.0)",944
1999,"(30.5, 79.25)",1102
1999,"(30.5, 79.5)",802
1999,"(30.5, 79.75)",1645
1999,"(30.5, 80.0)",2429
1999,"(30.5, 80.25)",2678
1999,"(30.75, 77.75)",716
1999,"(30.75, 78.0)",1091
1999,"(30.75, 78.25)",1309
1999,"(30.75, 78.5)",1336
1999,"(30.75, 78.75)",961
1999,"(30.75, 79.0)",925
1999,"(30.75, 79.25)",854
1999,"(30.75, 79.5)",842
1999,"(30.75, 79.75)",1123
1999,"(30.75, 80.0)",2185
1999,"(31.0, 78.0)",637
1999,"(31.0, 78.25)",921
1999,"(31.0, 78.5)",1116
1999,"(31.0, 78.75)",1017
1999,"(31.0, 79.0)",876
1999,"(31.0, 79.25)",903
1999,"(31.0, 79.5)",867
1999,"(31.0, 79.75)",997
1999,"(31.25, 78.25)",449
1999,"(31.25, 79.0)",872
2000,"(28.75, 80.0)",2349
2000,"(29.0, 79.25)",1856
2000,"(29.0, 79.5)",1345
2000,"(29.0, 79.75)",1918
2000,"(29.0, 80.0)",2032
2000,"(29.25, 79.0)",933
2000,"(29.25, 79.25)",1551
2000,"(29.25, 79.5)",1627
2000,"(29.25, 79.75)",1641
2000,"(29.25, 80.0)",1991
2000,"(29.25, 80.25)",2116
2000,"(29.5, 78.75)",699
2000,"(29.5, 79.0)",700
2000,"(29.5, 79.25)",1774
2000,"(29.5, 79.5)",1593
2000,"(29.5, 79.75)",1785
2000,"(29.5, 80.0)",2455
2000,"(29.5, 80.25)",2558
2000,"(29.75, 78.0)",1265
2000,"(29.75, 78.25)",958
2000,"(29.75, 78.5)",1173
2000,"(29.75, 78.75)",851
2000,"(29.75, 79.0)",998
2000,"(29.75, 79.25)",1319
2000,"(29.75, 79.5)",1857
2000,"(29.75, 79.75)",2563
2000,"(29.75, 80.0)",3071
2000,"(29.75, 80.25)",2570
2000,"(30.0, 77.75)",1608
2000,"(30.0, 78.0)",1771
2000,"(30.0, 78.25)",1265
2000,"(30.0, 78.5)",1438
2000,"(30.0, 78.75)",1236
2000,"(30.0, 79.0)",935
2000,"(30.0, 79.25)",1005
2000,"(30.0, 79.5)",2221
2000,"(30.0, 79.75)",3574
2000,"(30.0, 80.0)",4674
2000,"(30.0, 80.25)",3003
2000,"(30.0, 80.5)",2864
2000,"(30.25, 78.0)",1160
2000,"(30.25, 78.25)",923
2000,"(30.25, 78.5)",1415
2000,"(30.25, 78.75)",1284
2000,"(30.25, 79.0)",754
2000,"(30.25, 79.25)",962
2000,"(30.25, 79.5)",1604
2000,"(30.25, 79.75)",3412
2000,"(30.25, 80.0)",4531
2000,"(30.25, 80.25)",4043
2000,"(30.25, 80.5)",3438
2000,"(30.25, 80.75)",3264
2000,"(30.25, 81.0)",3008
2000,"(30.5, 78.0)",969
2000,"(30.5, 78.25)",1162
2000,"(30.5, 78.5)",1178
2000,"(30.5, 78.75)",1155
2000,"(30.5, 79.0)",957
2000,"(30.5, 79.25)",1111
2000,"(30.5, 79.5)",1176
2000,"(30.5, 79.75)",2017
2000,"(30.5, 80.0)",3546
2000,"(30.5, 80.25)",3807
2000,"(30.75, 77.75)",1277
2000,"(30.75, 78.0)",1095
2000,"(30.75, 78.25)",1604
2000,"(30.75, 78.5)",1310
2000,"(30.75, 78.75)",1161
2000,"(30.75, 79.0)",1026
2000,"(30.75, 79.25)",1084
2000,"(30.75, 79.5)",1262
2000,"(30.75, 79.75)",1694
2000,"(30.75, 80.0)",2891
2000,"(31.0, 78.0)",642
2000,"(31.0, 78.25)",908
2000,"(31.0, 78.5)",1082
2000,"(31.0, 78.75)",1082
2000,"(31.0, 79.0)",1085
2000,"(31.0, 79.25)",1082
2000,"(31.0, 79.5)",1216
2000,"(31.0, 79.75)",1506
2000,"(31.25, 78.25)",689
2000,"(31.25, 79.0)",1081
2001,"(28.75, 80.0)",1230
2001,"(29.0, 79.25)",1040
2001,"(29.0, 79.5)",846
2001,"(29.0, 79.75)",1160
2001,"(29.0, 80.0)",1193
2001,"(29.25, 79.0)",661
2001,"(29.25, 79.25)",900
2001,"(29.25, 79.5)",910
2001,"(29.25, 79.75)",1040
2001,"(29.25, 80.0)",1626
2001,"(29.25, 80.25)",2036
2001,"(29.5, 78.75)",525
2001,"(29.5, 79.0)",465
2001,"(29.5, 79.25)",679
2001,"(29.5, 79.5)",905
2001,"(29.5, 79.75)",1301
2001,"(29.5, 80.0)",2909
2001,"(29.5, 80.25)",3176
2001,"(29.75, 78.0)",1141
2001,"(29.75, 78.25)",863
2001,"(29.75, 78.5)",863
2001,"(29.75, 78.75)",618
2001,"(29.75, 79.0)",547
2001,"(29.75, 79.25)",670
2001,"(29.75, 79.5)",1355
2001,"(29.75, 79.75)",2421
2001,"(29.75, 80.0)",3698
2001,"(29.75, 80.25)",3137
2001,"(30.0, 77.75)",1629
2001,"(30.0, 78.0)",1487
2001,"(30.0, 78.25)",1145
2001,"(30.0, 78.5)",939
2001,"(30.0, 78.75)",838
2001,"(30.0, 79.0)",815
2001,"(30.0, 79.25)",803
2001,"(30.0, 79.5)",1999
2001,"(30.0, 79.75)",3498
2001,"(30.0, 80.0)",4501
2001,"(30.0, 80.25)",3347
2001,"(30.0, 80.5)",3302
2001,"(30.25, 78.0)",1968
2001,"(30.25, 78.25)",1372
2001,"(30.25, 78.5)",1040
2001,"(30.25, 78.75)",951
2001,"(30.25, 79.0)",941
2001,"(30.25, 79.25)",995
2001,"(30.25, 79.5)",1796
2001,"(30.25, 79.75)",3192
2001,"(30.25, 80.0)",4348
2001,"(30.25, 80.25)",4058
2001,"(30.25, 80.5)",3696
2001,"(30.25, 80.75)",3581
2001,"(30.25, 81.0)",3383
2001,"(30.5, 78.0)",1513
2001,"(30.5, 78.25)",987
2001,"(30.5, 78.5)",993
2001,"(30.5, 78.75)",971
2001,"(30.5, 79.0)",999
2001,"(30.5, 79.25)",1051
2001,"(30.5, 79.5)",1181
2001,"(30.5, 79.75)",2084
2001,"(30.5, 80.0)",3365
2001,"(30.5, 80.25)",3839
2001,"(30.75, 77.75)",1203
2001,"(30.75, 78.0)",1120
2001,"(30.75, 78.25)",936
2001,"(30.75, 78.5)",928
2001,"(30.75, 78.75)",958
2001,"(30.75, 79.0)",1014
2001,"(30.75, 79.25)",1055
2001,"(30.75, 79.5)",1267
2001,"(30.75, 79.75)",1736
2001,"(30.75, 80.0)",2727
2001,"(31.0, 78.0)",714
2001,"(31.0, 78.25)",696
2001,"(31.0, 78.5)",771
2001,"(31.0, 78.75)",839
2001,"(31.0, 79.0)",993
2001,"(31.0, 79.25)",1041
2001,"(31.0, 79.5)",1228
2001,"(31.0, 79.75)",1473
2001,"(31.25, 78.25)",528
2001,"(31.25, 79.0)",899
2002,"(28.75, 80.0)",1910
2002,"(29.0, 79.25)",1063
2002,"(29.0, 79.5)",1177
2002,"(29.0, 79.75)",1587
2002,"(29.0, 80.0)",1723
2002,"(29.25, 79.0)",830
2002,"(29.25, 79.25)",1072
2002,"(29.25, 79.5)",1179
2002,"(29.25, 79.75)",1402
2002,"(29.25, 80.0)",1963
2002,"(29.25, 80.25)",2253
2002,"(29.5, 78.75)",790
2002,"(29.5, 79.0)",903
2002,"(29.5, 79.25)",1051
2002,"(29.5, 79.5)",1218
2002,"(29.5, 79.75)",1452
2002,"(29.5, 80.0)",2728
2002,"(29.5, 80.25)",3066
2002,"(29.75, 78.0)",977
2002,"(29.75, 78.25)",819
2002,"(29.75, 78.5)",817
2002,"(29.75, 78.75)",844
2002,"(29.75, 79.0)",943
2002,"(29.75, 79.25)",1025
2002,"(29.75, 79.5)",1491
2002,"(29.75, 79.75)",2319
2002,"(29.75, 80.0)",3212
2002,"(29.75, 80.25)",3157
2002,"(30.0, 77.75)",1294
2002,"(30.0, 78.0)",1209
2002,"(30.0, 78.25)",1001
2002,"(30.0, 78.5)",942
2002,"(30.0, 78.75)",984
2002,"(30.0, 79.0)",1018
2002,"(30.0, 79.25)",1063
2002,"(30.0, 79.5)",1881
2002,"(30.0, 79.75)",2967
2002,"(30.0, 80.0)",3546
2002,"(30.0, 80.25)",3229
2002,"(30.0, 80.5)",3218
2002,"(30.25, 78.0)",1468
2002,"(30.25, 78.25)",1569
2002,"(30.25, 78.5)",1270
2002,"(30.25, 78.75)",1039
2002,"(30.25, 79.0)",1057
2002,"(30.25, 79.25)",1136
2002,"(30.25, 79.5)",1676
2002,"(30.25, 79.75)",2681
2002,"(30.25, 80.0)",3463
2002,"(30.25, 80.25)",3426
2002,"(30.25, 80.5)",3331
2002,"(30.25, 80.75)",3309
2002,"(30.25, 81.0)",3248
2002,"(30.5, 78.0)",1475
2002,"(30.5, 78.25)",1824
2002,"(30.5, 78.5)",1587
2002,"(30.5, 78.75)",1201
2002,"(30.5, 79.0)",1144
2002,"(30.5, 79.25)",1191
2002,"(30.5, 79.5)",1275
2002,"(30.5, 79.75)",1915
2002,"(30.5, 80.0)",2812
2002,"(30.5, 80.25)",3286
2002,"(30.75, 77.75)",1339
2002,"(30.75, 78.0)",1225
2002,"(30.75, 78.25)",1681
2002,"(30.75, 78.5)",1536
2002,"(30.75, 78.75)",1370
2002,"(30.75, 79.0)",1193
2002,"(30.75, 79.25)",1196
2002,"(30.75, 79.5)",1335
2002,"(30.75, 79.75)",1674
2002,"(30.75, 80.0)",2369
2002,"(31.0, 78.0)",719
2002,"(31.0, 78.25)",925
2002,"(31.0, 78.5)",1455
2002,"(31.0, 78.75)",1198
2002,"(31.0, 79.0)",1213
2002,"(31.0, 79.25)",1212
2002,"(31.0, 79.5)",1302
2002,"(31.0, 79.75)",1481
2002,"(31.25, 78.25)",993
2002,"(31.25, 79.0)",1235
2003,"(28.75, 80.0)",2414
2003,"(29.0, 79.25)",2003
2003,"(29.0, 79.5)",1794
2003,"(29.0, 79.75)",2180
2003,"(29.0, 80.0)",2212
2003,"(29.25, 79.0)",1255
2003,"(29.25, 79.25)",1813
2003,"(29.25, 79.5)",1570
2003,"(29.25, 79.75)",1794
2003,"(29.25, 80.0)",2391
2003,"(29.25, 80.25)",2750
2003,"(29.5, 78.75)",1182
2003,"(29.5, 79.0)",1614
2003,"(29.5, 79.25)",1566
2003,"(29.5, 79.5)",1431
2003,"(29.5, 79.75)",1773
2003,"(29.5, 80.0)",2981
2003,"(29.5, 80.25)",3439
2003,"(29.75, 78.0)",1512
2003,"(29.75, 78.25)",1551
2003,"(29.75, 78.5)",1521
2003,"(29.75, 78.75)",1451
2003,"(29.75, 79.0)",1602
2003,"(29.75, 79.25)",1619
2003,"(29.75, 79.5)",1835
2003,"(29.75, 79.75)",2562
2003,"(29.75, 80.0)",3413
2003,"(29.75, 80.25)",3612
2003,"(30.0, 77.75)",1263
2003,"(30.0, 78.0)",1470
2003,"(30.0, 78.25)",1490
2003,"(30.0, 78.5)",1428
2003,"(30.0, 78.75)",1558
2003,"(30.0, 79.0)",1539
2003,"(30.0, 79.25)",1440
2003,"(30.0, 79.5)",1959
2003,"(30.0, 79.75)",3075
2003,"(30.0, 80.0)",3555
2003,"(30.0, 80.25)",3615
2003,"(30.0, 80.5)",3621
2003,"(30.25, 78.0)",1670
2003,"(30.25, 78.25)",1411
2003,"(30.25, 78.5)",1516
2003,"(30.25, 78.75)",1596
2003,"(30.25, 79.0)",1488
2003,"(30.25, 79.25)",1190
2003,"(30.25, 79.5)",1617
2003,"(30.25, 79.75)",2679
2003,"(30.25, 80.0)",3483
2003,"(30.25, 80.25)",3556
2003,"(30.25, 80.5)",3602
2003,"(30.25, 80.75)",3622
2003,"(30.25, 81.0)",3626
2003,"(30.5, 78.0)",1496
2003,"(30.5, 78.25)",1767
2003,"(30.5, 78.5)",1662
2003,"(30.5, 78.75)",1551
2003,"(30.5, 79.0)",1328
2003,"(30.5, 79.25)",1033
2003,"(30.5, 79.5)",1103
2003,"(30.5, 79.75)",1840
2003,"(30.5, 80.0)",2820
2003,"(30.5, 80.25)",3428
2003,"(30.75, 77.75)",1109
2003,"(30.75, 78.0)",1071
2003,"(30.75, 78.25)",1824
2003,"(30.75, 78.5)",1734
2003,"(30.75, 78.75)",1599
2003,"(30.75, 79.0)",1230
2003,"(30.75, 79.25)",1043
2003,"(30.75, 79.5)",1187
2003,"(30.75, 79.75)",1538
2003,"(30.75, 80.0)",2341
2003,"(31.0, 78.0)",738
2003,"(31.0, 78.25)",1015
2003,"(31.0, 78.5)",1123
2003,"(31.0, 78.75)",1544
2003,"(31.0, 79.0)",1244
2003,"(31.0, 79.25)",1072
2003,"(31.0, 79.5)",1158
2003,"(31.0, 79.75)",1318
2003,"(31.25, 78.25)",445
2003,"(31.25, 79.0)",1000
2004,"(28.75, 80.0)",1831
2004,"(29.0, 79.25)",1369
2004,"(29.0, 79.5)",1027
2004,"(29.0, 79.75)",1295
2004,"(29.0, 80.0)",1527
2004,"(29.25, 79.0)",980
2004,"(29.25, 79.25)",1145
2004,"(29.25, 79.5)",1169
2004,"(29.25, 79.75)",974
2004,"(29.25, 80.0)",1164
2004,"(29.25, 80.25)",1701
2004,"(29.5, 78.75)",841
2004,"(29.5, 79.0)",925
2004,"(29.5, 79.25)",1021
2004,"(29.5, 79.5)",1105
2004,"(29.5, 79.75)",1314
2004,"(29.5, 80.0)",1917
2004,"(29.5, 80.25)",1948
2004,"(29.75, 78.0)",963
2004,"(29.75, 78.25)",1082
2004,"(29.75, 78.5)",1227
2004,"(29.75, 78.75)",977
2004,"(29.75, 79.0)",981
2004,"(29.75, 79.25)",1055
2004,"(29.75, 79.5)",1172
2004,"(29.75, 79.75)",1522
2004,"(29.75, 80.0)",2275
2004,"(29.75, 80.25)",2459
2004,"(30.0, 77.75)",823
2004,"(30.0, 78.0)",948
2004,"(30.0, 78.25)",1018
2004,"(30.0, 78.5)",1149
2004,"(30.0, 78.75)",1140
2004,"(30.0, 79.0)",1173
2004,"(30.0, 79.25)",1114
2004,"(30.0, 79.5)",1418
2004,"(30.0, 79.75)",2455
2004,"(30.0, 80.0)",2967
2004,"(30.0, 80.25)",2616
2004,"(30.0, 80.5)",2536
2004,"(30.25, 78.0)",907
2004,"(30.25, 78.25)",1104
2004,"(30.25, 78.5)",1188
2004,"(30.25, 78.75)",1159
2004,"(30.25, 79.0)",1096
2004,"(30.25, 79.25)",1086
2004,"(30.25, 79.5)",990
2004,"(30.25, 79.75)",2119
2004,"(30.25, 80.0)",2884
2004,"(30.25, 80.25)",2780
2004,"(30.25, 80.5)",2679
2004,"(30.25, 80.75)",2646
2004,"(30.25, 81.0)",2596
2004,"(30.5, 78.0)",950
2004,"(30.5, 78.25)",1361
2004,"(30.5, 78.5)",1250
2004,"(30.5, 78.75)",1247
2004,"(30.5, 79.0)",979
2004,"(30.5, 79.25)",1006
2004,"(30.5, 79.5)",583
2004,"(30.5, 79.75)",1357
2004,"(30.5, 80.0)",2291
2004,"(30.5, 80.25)",2596
2004,"(30.75, 77.75)",996
2004,"(30.75, 78.0)",995
2004,"(30.75, 78.25)",1340
2004,"(30.75, 78.5)",1393
2004,"(30.75, 78.75)",1339
2004,"(30.75, 79.0)",822
2004,"(30.75, 79.25)",640
2004,"(30.75, 79.5)",703
2004,"(30.75, 79.75)",944
2004,"(30.75, 80.0)",1763
2004,"(31.0, 78.0)",465
2004,"(31.0, 78.25)",951
2004,"(31.0, 78.5)",1223
2004,"(31.0, 78.75)",1234
2004,"(31.0, 79.0)",926
2004,"(31.0, 79.25)",757
2004,"(31.0, 79.5)",744
2004,"(31.0, 79.75)",793
2004,"(31.25, 78.25)",467
2004,"(31.25, 79.0)",790
2005,"(28.75, 80.0)",1388
2005,"(29.0, 79.25)",1587
2005,"(29.0, 79.5)",1165
2005,"(29.0, 79.75)",1142
2005,"(29.0, 80.0)",1272
2005,"(29.25, 79.0)",1188
2005,"(29.25, 79.25)",1532
2005,"(29.25, 79.5)",1566
2005,"(29.25, 79.75)",1142
2005,"(29.25, 80.0)",1159
2005,"(29.25, 80.25)",1305
2005,"(29.5, 78.75)",835
2005,"(29.5, 79.0)",833
2005,"(29.5, 79.25)",1304
2005,"(29.5, 79.5)",1525
2005,"(29.5, 79.75)",1251
2005,"(29.5, 80.0)",1408
2005,"(29.5, 80.25)",1442
2005,"(29.75, 78.0)",1221
2005,"(29.75, 78.25)",1253
2005,"(29.75, 78.5)",1472
2005,"(29.75, 78.75)",868
2005,"(29.75, 79.0)",932
2005,"(29.75, 79.25)",1088
2005,"(29.75, 79.5)",1269
2005,"(29.75, 79.75)",1354
2005,"(29.75, 80.0)",1494
2005,"(29.75, 80.25)",1651
2005,"(30.0, 77.75)",1090
2005,"(30.0, 78.0)",1550
2005,"(30.0, 78.25)",1295
2005,"(30.0, 78.5)",1109
2005,"(30.0, 78.75)",1046
2005,"(30.0, 79.0)",1176
2005,"(30.0, 79.25)",1257
2005,"(30.0, 79.5)",1484
2005,"(30.0, 79.75)",1663
2005,"(30.0, 80.0)",1828
2005,"(30.0, 80.25)",1892
2005,"(30.0, 80.5)",1826
2005,"(30.25, 78.0)",804
2005,"(30.25, 78.25)",1238
2005,"(30.25, 78.5)",1140
2005,"(30.25, 78.75)",1144
2005,"(30.25, 79.0)",1382
2005,"(30.25, 79.25)",1477
2005,"(30.25, 79.5)",1204
2005,"(30.25, 79.75)",1568
2005,"(30.25, 80.0)",1785
2005,"(30.25, 80.25)",1779
2005,"(30.25, 80.5)",1858
2005,"(30.25, 80.75)",1951
2005,"(30.25, 81.0)",2033
2005,"(30.5, 78.0)",1025
2005,"(30.5, 78.25)",1504
2005,"(30.5, 78.5)",1406
2005,"(30.5, 78.75)",1294
2005,"(30.5, 79.0)",1348
2005,"(30.5, 79.25)",1402
2005,"(30.5, 79.5)",938
2005,"(30.5, 79.75)",1282
2005,"(30.5, 80.0)",1524
2005,"(30.5, 80.25)",1640
2005,"(30.75, 77.75)",1280
2005,"(30.75, 78.0)",1303
2005,"(30.75, 78.25)",1724
2005,"(30.75, 78.5)",1643
2005,"(30.75, 78.75)",1552
2005,"(30.75, 79.0)",1175
2005,"(30.75, 79.25)",1042
2005,"(30.75, 79.5)",1011
2005,"(30.75, 79.75)",1164
2005,"(30.75, 80.0)",1364
2005,"(31.0, 78.0)",548
2005,"(31.0, 78.25)",1173
2005,"(31.0, 78.5)",1542
2005,"(31.0, 78.75)",1424
2005,"(31.0, 79.0)",1306
2005,"(31.0, 79.25)",1162
2005,"(31.0, 79.5)",1105
2005,"(31.0, 79.75)",1087
2005,"(31.25, 78.25)",1938
2005,"(31.25, 79.0)",1271
2006,"(28.75, 80.0)",1200
2006,"(29.0, 79.25)",913
2006,"(29.0, 79.5)",702
2006,"(29.0, 79.75)",1052
2006,"(29.0, 80.0)",1138
2006,"(29.25, 79.0)",619
2006,"(29.25, 79.25)",919
2006,"(29.25, 79.5)",958
2006,"(29.25, 79.75)",1029
2006,"(29.25, 80.0)",1068
2006,"(29.25, 80.25)",1044
2006,"(29.5, 78.75)",312
2006,"(29.5, 79.0)",276
2006,"(29.5, 79.25)",750
2006,"(29.5, 79.5)",962
2006,"(29.5, 79.75)",1008
2006,"(29.5, 80.0)",1000
2006,"(29.5, 80.25)",1187
2006,"(29.75, 78.0)",789
2006,"(29.75, 78.25)",994
2006,"(29.75, 78.5)",1128
2006,"(29.75, 78.75)",480
2006,"(29.75, 79.0)",386
2006,"(29.75, 79.25)",583
2006,"(29.75, 79.5)",841
2006,"(29.75, 79.75)",965
2006,"(29.75, 80.0)",1223
2006,"(29.75, 80.25)",1396
2006,"(30.0, 77.75)",867
2006,"(30.0, 78.0)",766
2006,"(30.0, 78.25)",772
2006,"(30.0, 78.5)",919
2006,"(30.0, 78.75)",779
2006,"(30.0, 79.0)",782
2006,"(30.0, 79.25)",910
2006,"(30.0, 79.5)",1133
2006,"(30.0, 79.75)",1640
2006,"(30.0, 80.0)",2008
2006,"(30.0, 80.25)",1894
2006,"(30.0, 80.5)",1741
2006,"(30.25, 78.0)",1131
2006,"(30.25, 78.25)",961
2006,"(30.25, 78.5)",943
2006,"(30.25, 78.75)",932
2006,"(30.25, 79.0)",1112
2006,"(30.25, 79.25)",1228
2006,"(30.25, 79.5)",1265
2006,"(30.25, 79.75)",1711
2006,"(30.25, 80.0)",1977
2006,"(30.25, 80.25)",1907
2006,"(30.25, 80.5)",1868
2006,"(30.25, 80.75)",1913
2006,"(30.25, 81.0)",1980
2006,"(30.5, 78.0)",1292
2006,"(30.5, 78.25)",1139
2006,"(30.5, 78.5)",1078
2006,"(30.5, 78.75)",1014
2006,"(30.5, 79.0)",1208
2006,"(30.5, 79.25)",1239
2006,"(30.5, 79.5)",1182
2006,"(30.5, 79.75)",1464
2006,"(30.5, 80.0)",1780
2006,"(30.5, 80.25)",1882
2006,"(30.75, 77.75)",1136
2006,"(30.75, 78.0)",1044
2006,"(30.75, 78.25)",1218
2006,"(30.75, 78.5)",1200
2006,"(30.75, 78.75)",1161
2006,"(30.75, 79.0)",1178
2006,"(30.75, 79.25)",1171
2006,"(30.75, 79.5)",1228
2006,"(30.75, 79.75)",1320
2006,"(30.75, 80.0)",1644
2006,"(31.0, 78.0)",356
2006,"(31.0, 78.25)",731
2006,"(31.0, 78.5)",957
2006,"(31.0, 78.75)",1030
2006,"(31.0, 79.0)",1192
2006,"(31.0, 79.25)",1191
2006,"(31.0, 79.5)",1225
2006,"(31.0, 79.75)",1265
2006,"(31.25, 78.25)",564
2006,"(31.25, 79.0)",1136
2007,"(28.75, 80.0)",1889
2007,"(29.0, 79.25)",1609
2007,"(29.0, 79.5)",1336
2007,"(29.0, 79.75)",1853
2007,"(29.0, 80.0)",1902
2007,"(29.25, 79.0)",1210
2007,"(29.25, 79.25)",1647
2007,"(29.25, 79.5)",1564
2007,"(29.25, 79.75)",1879
2007,"(29.25, 80.0)",1918
2007,"(29.25, 80.25)",1733
2007,"(29.5, 78.75)",628
2007,"(29.5, 79.0)",683
2007,"(29.5, 79.25)",1382
2007,"(29.5, 79.5)",1430
2007,"(29.5, 79.75)",1717
2007,"(29.5, 80.0)",1557
2007,"(29.5, 80.25)",2051
2007,"(29.75, 78.0)",1377
2007,"(29.75, 78.25)",1279
2007,"(29.75, 78.5)",1302
2007,"(29.75, 78.75)",879
2007,"(29.75, 79.0)",815
2007,"(29.75, 79.25)",1040
2007,"(29.75, 79.5)",1346
2007,"(29.75, 79.75)",1501
2007,"(29.75, 80.0)",2074
2007,"(29.75, 80.25)",2462
2007,"(30.0, 77.75)",1489
2007,"(30.0, 78.0)",1526
2007,"(30.0, 78.25)",1366
2007,"(30.0, 78.5)",1280
2007,"(30.0, 78.75)",1172
2007,"(30.0, 79.0)",1222
2007,"(30.0, 79.25)",1260
2007,"(30.0, 79.5)",1747
2007,"(30.0, 79.75)",3025
2007,"(30.0, 80.0)",3849
2007,"(30.0, 80.25)",3592
2007,"(30.0, 80.5)",3257
2007,"(30.25, 78.0)",1635
2007,"(30.25, 78.25)",1333
2007,"(30.25, 78.5)",1361
2007,"(30.25, 78.75)",1308
2007,"(30.25, 79.0)",1505
2007,"(30.25, 79.25)",1603
2007,"(30.25, 79.5)",1673
2007,"(30.25, 79.75)",3032
2007,"(30.25, 80.0)",3764
2007,"(30.25, 80.25)",3591
2007,"(30.25, 80.5)",3529
2007,"(30.25, 80.75)",3628
2007,"(30.25, 81.0)",3767
2007,"(30.5, 78.0)",1458
2007,"(30.5, 78.25)",1856
2007,"(30.5, 78.5)",1594
2007,"(30.5, 78.75)",1540
2007,"(30.5, 79.0)",1526
2007,"(30.5, 79.25)",1585
2007,"(30.5, 79.5)",1335
2007,"(30.5, 79.75)",2239
2007,"(30.5, 80.0)",3175
2007,"(30.5, 80.25)",3496
2007,"(30.75, 77.75)",958
2007,"(30.75, 78.0)",1159
2007,"(30.75, 78.25)",1427
2007,"(30.75, 78.5)",1736
2007,"(30.75, 78.75)",1683
2007,"(30.75, 79.0)",1455
2007,"(30.75, 79.25)",1329
2007,"(30.75, 79.5)",1445
2007,"(30.75, 79.75)",1749
2007,"(30.75, 80.0)",2756
2007,"(31.0, 78.0)",593
2007,"(31.0, 78.25)",1106
2007,"(31.0, 78.5)",1446
2007,"(31.0, 78.75)",1563
2007,"(31.0, 79.0)",1533
2007,"(31.0, 79.25)",1413
2007,"(31.0, 79.5)",1455
2007,"(31.0, 79.75)",1583
2007,"(31.25, 78.25)",759
2007,"(31.25, 79.0)",1473
2008,"(28.75, 80.0)",2193
2008,"(29.0, 79.25)",1838
2008,"(29.0, 79.5)",1843
2008,"(29.0, 79.75)",1891
2008,"(29.0, 80.0)",1975
2008,"(29.25, 79.0)",570
2008,"(29.25, 79.25)",1002
2008,"(29.25, 79.5)",1323
2008,"(29.25, 79.75)",1828
2008,"(29.25, 80.0)",1823
2008,"(29.25, 80.25)",1941
2008,"(29.5, 78.75)",603
2008,"(29.5, 79.0)",382
2008,"(29.5, 79.25)",513
2008,"(29.5, 79.5)",854
2008,"(29.5, 79.75)",1332
2008,"(29.5, 80.0)",2004
2008,"(29.5, 80.25)",2367
2008,"(29.75, 78.0)",1426
2008,"(29.75, 78.25)",1155
2008,"(29.75, 78.5)",1135
2008,"(29.75, 78.75)",554
2008,"(29.75, 79.0)",417
2008,"(29.75, 79.25)",488
2008,"(29.75, 79.5)",685
2008,"(29.75, 79.75)",1051
2008,"(29.75, 80.0)",1959
2008,"(29.75, 80.25)",2541
2008,"(30.0, 77.75)",1480
2008,"(30.0, 78.0)",1752
2008,"(30.0, 78.25)",1504
2008,"(30.0, 78.5)",1344
2008,"(30.0, 78.75)",730
2008,"(30.0, 79.0)",503
2008,"(30.0, 79.25)",484
2008,"(30.0, 79.5)",665
2008,"(30.0, 79.75)",943
2008,"(30.0, 80.0)",1229
2008,"(30.0, 80.25)",2349
2008,"(30.0, 80.5)",2760
2008,"(30.25, 78.0)",1897
2008,"(30.25, 78.25)",1676
2008,"(30.25, 78.5)",1548
2008,"(30.25, 78.75)",1028
2008,"(30.25, 79.0)",646
2008,"(30.25, 79.25)",519
2008,"(30.25, 79.5)",613
2008,"(30.25, 79.75)",867
2008,"(30.25, 80.0)",994
2008,"(30.25, 80.25)",1007
2008,"(30.25, 80.5)",1893
2008,"(30.25, 80.75)",2343
2008,"(30.25, 81.0)",2591
2008,"(30.5, 78.0)",1825
2008,"(30.5, 78.25)",1721
2008,"(30.5, 78.5)",1492
2008,"(30.5, 78.75)",1083
2008,"(30.5, 79.0)",672
2008,"(30.5, 79.25)",551
2008,"(30.5, 79.5)",570
2008,"(30.5, 79.75)",689
2008,"(30.5, 80.0)",921
2008,"(30.5, 80.25)",980
2008,"(30.75, 77.75)",1443
2008,"(30.75, 78.0)",1267
2008,"(30.75, 78.25)",1272
2008,"(30.75, 78.5)",1239
2008,"(30.75, 78.75)",1072
2008,"(30.75, 79.0)",625
2008,"(30.75, 79.25)",580
2008,"(30.75, 79.5)",603
2008,"(30.75, 79.75)",657
2008,"(30.75, 80.0)",849
2008,"(31.0, 78.0)",925
2008,"(31.0, 78.25)",1017
2008,"(31.0, 78.5)",1054
2008,"(31.0, 78.75)",946
2008,"(31.0, 79.0)",761
2008,"(31.0, 79.25)",577
2008,"(31.0, 79.5)",635
2008,"(31.0, 79.75)",629
2008,"(31.25, 78.25)",962
2008,"(31.25, 79.0)",770
2009,"(28.75, 80.0)",2118
2009,"(29.0, 79.25)",1011
2009,"(29.0, 79.5)",1091
2009,"(29.0, 79.75)",1829
2009,"(29.0, 80.0)",1935
2009,"(29.25, 79.0)",645
2009,"(29.25, 79.25)",1045
2009,"(29.25, 79.5)",1199
2009,"(29.25, 79.75)",1610
2009,"(29.25, 80.0)",1841
2009,"(29.25, 80.25)",1855
2009,"(29.5, 78.75)",592
2009,"(29.5, 79.0)",578
2009,"(29.5, 79.25)",923
2009,"(29.5, 79.5)",1269
2009,"(29.5, 79.75)",1250
2009,"(29.5, 80.0)",1645
2009,"(29.5, 80.25)",1792
2009,"(29.75, 78.0)",1096
2009,"(29.75, 78.25)",922
2009,"(29.75, 78.5)",815
2009,"(29.75, 78.75)",479
2009,"(29.75, 79.0)",632
2009,"(29.75, 79.25)",884
2009,"(29.75, 79.5)",1123
2009,"(29.75, 79.75)",1251
2009,"(29.75, 80.0)",1504
2009,"(29.75, 80.25)",1687
2009,"(30.0, 77.75)",1479
2009,"(30.0, 78.0)",1291
2009,"(30.0, 78.25)",927
2009,"(30.0, 78.5)",609
2009,"(30.0, 78.75)",573
2009,"(30.0, 79.0)",629
2009,"(30.0, 79.25)",733
2009,"(30.0, 79.5)",1023
2009,"(30.0, 79.75)",1181
2009,"(30.0, 80.0)",1234
2009,"(30.0, 80.25)",1303
2009,"(30.0, 80.5)",1368
2009,"(30.25, 78.0)",1605
2009,"(30.25, 78.25)",671
2009,"(30.25, 78.5)",615
2009,"(30.25, 78.75)",647
2009,"(30.25, 79.0)",650
2009,"(30.25, 79.25)",747
2009,"(30.25, 79.5)",860
2009,"(30.25, 79.75)",1003
2009,"(30.25, 80.0)",1144
2009,"(30.25, 80.25)",1172
2009,"(30.25, 80.5)",1176
2009,"(30.25, 80.75)",1171
2009,"(30.25, 81.0)",1503
2009,"(30.5, 78.0)",1498
2009,"(30.5, 78.25)",740
2009,"(30.5, 78.5)",715
2009,"(30.5, 78.75)",665
2009,"(30.5, 79.0)",711
2009,"(30.5, 79.25)",794
2009,"(30.5, 79.5)",814
2009,"(30.5, 79.75)",909
2009,"(30.5, 80.0)",1033
2009,"(30.5, 80.25)",1136
2009,"(30.75, 77.75)",637
2009,"(30.75, 78.0)",879
2009,"(30.75, 78.25)",1595
2009,"(30.75, 78.5)",1228
2009,"(30.75, 78.75)",922
2009,"(30.75, 79.0)",788
2009,"(30.75, 79.25)",781
2009,"(30.75, 79.5)",814
2009,"(30.75, 79.75)",869
2009,"(30.75, 80.0)",970
2009,"(31.0, 78.0)",245
2009,"(31.0, 78.25)",733
2009,"(31.0, 78.5)",890
2009,"(31.0, 78.75)",944
2009,"(31.0, 79.0)",855
2009,"(31.0, 79.25)",781
2009,"(31.0, 79.5)",819
2009,"(31.0, 79.75)",851
2009,"(31.25, 78.25)",485
2009,"(31.25, 79.0)",810
2010,"(28.75, 80.0)",2140
2010,"(29.0, 79.25)",1940
2010,"(29.0, 79.5)",2222
2010,"(29.0, 79.75)",2094
2010,"(29.0, 80.0)",2133
2010,"(29.25, 79.0)",1876
2010,"(29.25, 79.25)",2945
2010,"(29.25, 79.5)",2487
2010,"(29.25, 79.75)",2131
2010,"(29.25, 80.0)",2027
2010,"(29.25, 80.25)",1735
2010,"(29.5, 78.75)",1664
2010,"(29.5, 79.0)",2178
2010,"(29.5, 79.25)",2226
2010,"(29.5, 79.5)",1658
2010,"(29.5, 79.75)",1753
2010,"(29.5, 80.0)",1360
2010,"(29.5, 80.25)",1613
2010,"(29.75, 78.0)",1702
2010,"(29.75, 78.25)",1561
2010,"(29.75, 78.5)",1749
2010,"(29.75, 78.75)",1568
2010,"(29.75, 79.0)",1716
2010,"(29.75, 79.25)",1496
2010,"(29.75, 79.5)",1515
2010,"(29.75, 79.75)",1489
2010,"(29.75, 80.0)",1451
2010,"(29.75, 80.25)",1612
2010,"(30.0, 77.75)",1703
2010,"(30.0, 78.0)",1817
2010,"(30.0, 78.25)",1571
2010,"(30.0, 78.5)",1545
2010,"(30.0, 78.75)",1545
2010,"(30.0, 79.0)",1569
2010,"(30.0, 79.25)",1373
2010,"(30.0, 79.5)",1358
2010,"(30.0, 79.75)",1646
2010,"(30.0, 80.0)",1888
2010,"(30.0, 80.25)",1839
2010,"(30.0, 80.5)",1771
2010,"(30.25, 78.0)",2684
2010,"(30.25, 78.25)",1988
2010,"(30.25, 78.5)",1370
2010,"(30.25, 78.75)",1797
2010,"(30.25, 79.0)",1918
2010,"(30.25, 79.25)",1815
2010,"(30.25, 79.5)",1510
2010,"(30.25, 79.75)",1706
2010,"(30.25, 80.0)",1829
2010,"(30.25, 80.25)",1801
2010,"(30.25, 80.5)",1818
2010,"(30.25, 80.75)",1819
2010,"(30.25, 81.0)",1833
2010,"(30.5, 78.0)",2283
2010,"(30.5, 78.25)",2268
2010,"(30.5, 78.5)",2007
2010,"(30.5, 78.75)",1686
2010,"(30.5, 79.0)",2022
2010,"(30.5, 79.25)",1997
2010,"(30.5, 79.5)",1484
2010,"(30.5, 79.75)",1671
2010,"(30.5, 80.0)",1806
2010,"(30.5, 80.25)",1776
2010,"(30.75, 77.75)",2012
2010,"(30.75, 78.0)",2194
2010,"(30.75, 78.25)",3085
2010,"(30.75, 78.5)",1931
2010,"(30.75, 78.75)",1796
2010,"(30.75, 79.0)",1773
2010,"(30.75, 79.25)",1750
2010,"(30.75, 79.5)",1611
2010,"(30.75, 79.75)",1662
2010,"(30.75, 80.0)",1748
2010,"(31.0, 78.0)",2140
2010,"(31.0, 78.25)",2663
2010,"(31.0, 78.5)",2104
2010,"(31.0, 78.75)",1999
2010,"(31.0, 79.0)",1786
2010,"(31.0, 79.25)",1774
2010,"(31.0, 79.5)",1739
2010,"(31.0, 79.75)",1661
2010,"(31.25, 78.25)",1130
2010,"(31.25, 79.0)",1747
2011,"(28.75, 80.0)",1506
2011,"(29.0, 79.25)",1943
2011,"(29.0, 79.5)",1792
2011,"(29.0, 79.75)",1611
2011,"(29.0, 80.0)",1703
2011,"(29.25, 79.0)",1745
2011,"(29.25, 79.25)",1808
2011,"(29.25, 79.5)",1543
2011,"(29.25, 79.75)",1592
2011,"(29.25, 80.0)",1626
2011,"(29.25, 80.25)",1598
2011,"(29.5, 78.75)",1275
2011,"(29.5, 79.0)",1658
2011,"(29.5, 79.25)",1531
2011,"(29.5, 79.5)",1440
2011,"(29.5, 79.75)",1490
2011,"(29.5, 80.0)",1503
2011,"(29.5, 80.25)",1477
2011,"(29.75, 78.0)",1080
2011,"(29.75, 78.25)",1007
2011,"(29.75, 78.5)",1076
2011,"(29.75, 78.75)",1166
2011,"(29.75, 79.0)",1519
2011,"(29.75, 79.25)",1530
2011,"(29.75, 79.5)",1509
2011,"(29.75, 79.75)",1485
2011,"(29.75, 80.0)",1465
2011,"(29.75, 80.25)",1444
2011,"(30.0, 77.75)",1372
2011,"(30.0, 78.0)",1641
2011,"(30.0, 78.25)",1332
2011,"(30.0, 78.5)",1277
2011,"(30.0, 78.75)",1231
2011,"(30.0, 79.0)",1335
2011,"(30.0, 79.25)",1481
2011,"(30.0, 79.5)",1489
2011,"(30.0, 79.75)",1455
2011,"(30.0, 80.0)",1437
2011,"(30.0, 80.25)",1421
2011,"(30.0, 80.5)",1419
2011,"(30.25, 78.0)",2297
2011,"(30.25, 78.25)",1366
2011,"(30.25, 78.5)",1363
2011,"(30.25, 78.75)",1408
2011,"(30.25, 79.0)",1289
2011,"(30.25, 79.25)",1389
2011,"(30.25, 79.5)",1425
2011,"(30.25, 79.75)",1434
2011,"(30.25, 80.0)",1420
2011,"(30.25, 80.25)",1419
2011,"(30.25, 80.5)",1419
2011,"(30.25, 80.75)",1419
2011,"(30.25, 81.0)",1347
2011,"(30.5, 78.0)",2032
2011,"(30.5, 78.25)",1307
2011,"(30.5, 78.5)",1332
2011,"(30.5, 78.75)",1251
2011,"(30.5, 79.0)",1257
2011,"(30.5, 79.25)",1304
2011,"(30.5, 79.5)",1402
2011,"(30.5, 79.75)",1419
2011,"(30.5, 80.0)",1419
2011,"(30.5, 80.25)",1419
2011,"(30.75, 77.75)",1614
2011,"(30.75, 78.0)",1192
2011,"(30.75, 78.25)",1081
2011,"(30.75, 78.5)",1113
2011,"(30.75, 78.75)",1126
2011,"(30.75, 79.0)",1144
2011,"(30.75, 79.25)",1192
2011,"(30.75, 79.5)",1300
2011,"(30.75, 79.75)",1419
2011,"(30.75, 80.0)",1419
2011,"(31.0, 78.0)",423
2011,"(31.0, 78.25)",618
2011,"(31.0, 78.5)",767
2011,"(31.0, 78.75)",816
2011,"(31.0, 79.0)",949
2011,"(31.0, 79.25)",1095
2011,"(31.0, 79.5)",1242
2011,"(31.0, 79.75)",1332
2011,"(31.25, 78.25)",584
2011,"(31.25, 79.0)",590
2012,"(28.75, 80.0)",975
2012,"(29.0, 79.25)",973
2012,"(29.0, 79.5)",985
2012,"(29.0, 79.75)",1011
2012,"(29.0, 80.0)",998
2012,"(29.25, 79.0)",969
2012,"(29.25, 79.25)",999
2012,"(29.25, 79.5)",1032
2012,"(29.25, 79.75)",1027
2012,"(29.25, 80.0)",1021
2012,"(29.25, 80.25)",1027
2012,"(29.5, 78.75)",685
2012,"(29.5, 79.0)",986
2012,"(29.5, 79.25)",1034
2012,"(29.5, 79.5)",1049
2012,"(29.5, 79.75)",1037
2012,"(29.5, 80.0)",1034
2012,"(29.5, 80.25)",1048
2012,"(29.75, 78.0)",589
2012,"(29.75, 78.25)",509
2012,"(29.75, 78.5)",634
2012,"(29.75, 78.75)",731
2012,"(29.75, 79.0)",973
2012,"(29.75, 79.25)",1030
2012,"(29.75, 79.5)",1041
2012,"(29.75, 79.75)",1042
2012,"(29.75, 80.0)",1049
2012,"(29.75, 80.25)",1055
2012,"(30.0, 77.75)",1870
2012,"(30.0, 78.0)",1438
2012,"(30.0, 78.25)",925
2012,"(30.0, 78.5)",975
2012,"(30.0, 78.75)",949
2012,"(30.0, 79.0)",989
2012,"(30.0, 79.25)",1042
2012,"(30.0, 79.5)",1046
2012,"(30.0, 79.75)",1052
2012,"(30.0, 80.0)",1055
2012,"(30.0, 80.25)",1053
2012,"(30.0, 80.5)",1052
2012,"(30.25, 78.0)",2049
2012,"(30.25, 78.25)",1291
2012,"(30.25, 78.5)",1224
2012,"(30.25, 78.75)",1248
2012,"(30.25, 79.0)",1126
2012,"(30.25, 79.25)",1077
2012,"(30.25, 79.5)",1064
2012,"(30.25, 79.75)",1053
2012,"(30.25, 80.0)",1058
2012,"(30.25, 80.25)",1055
2012,"(30.25, 80.5)",1054
2012,"(30.25, 80.75)",1052
2012,"(30.25, 81.0)",1050
2012,"(30.5, 78.0)",1801
2012,"(30.5, 78.25)",1269
2012,"(30.5, 78.5)",1306
2012,"(30.5, 78.75)",1254
2012,"(30.5, 79.0)",1198
2012,"(30.5, 79.25)",1146
2012,"(30.5, 79.5)",1076
2012,"(30.5, 79.75)",1058
2012,"(30.5, 80.0)",1057
2012,"(30.5, 80.25)",1057
2012,"(30.75, 77.75)",1249
2012,"(30.75, 78.0)",1452
2012,"(30.75, 78.25)",1315
2012,"(30.75, 78.5)",1282
2012,"(30.75, 78.75)",1245
2012,"(30.75, 79.0)",1212
2012,"(30.75, 79.25)",1166
2012,"(30.75, 79.5)",1159
2012,"(30.75, 79.75)",1059
2012,"(30.75, 80.0)",1057
2012,"(31.0, 78.0)",1159
2012,"(31.0, 78.25)",1170
2012,"(31.0, 78.5)",1175
2012,"(31.0, 78.75)",1138
2012,"(31.0, 79.0)",1126
2012,"(31.0, 79.25)",1151
2012,"(31.0, 79.5)",1178
2012,"(31.0, 79.75)",1115
2012,"(31.25, 78.25)",1013
2012,"(31.25, 79.0)",1051
2013,"(28.75, 80.0)",1735
2013,"(29.0, 79.25)",1684
2013,"(29.0, 79.5)",2057
2013,"(29.0, 79.75)",1389
2013,"(29.0, 80.0)",1512
2013,"(29.25, 79.0)",1250
2013,"(29.25, 79.25)",2462
2013,"(29.25, 79.5)",2130
2013,"(29.25, 79.75)",1269
2013,"(29.25, 80.0)",1247
2013,"(29.25, 80.25)",1334
2013,"(29.5, 78.75)",1328
2013,"(29.5, 79.0)",1590
2013,"(29.5, 79.25)",1654
2013,"(29.5, 79.5)",1474
2013,"(29.5, 79.75)",1230
2013,"(29.5, 80.0)",1297
2013,"(29.5, 80.25)",1350
2013,"(29.75, 78.0)",1450
2013,"(29.75, 78.25)",1206
2013,"(29.75, 78.5)",1138
2013,"(29.75, 78.75)",1093
2013,"(29.75, 79.0)",1449
2013,"(29.75, 79.25)",1306
2013,"(29.75, 79.5)",1273
2013,"(29.75, 79.75)",1317
2013,"(29.75, 80.0)",1493
2013,"(29.75, 80.25)",1636
2013,"(30.0, 77.75)",1852
2013,"(30.0, 78.0)",1645
2013,"(30.0, 78.25)",1280
2013,"(30.0, 78.5)",1097
2013,"(30.0, 78.75)",1221
2013,"(30.0, 79.0)",1614
2013,"(30.0, 79.25)",1523
2013,"(30.0, 79.5)",1385
2013,"(30.0, 79.75)",1719
2013,"(30.0, 80.0)",2281
2013,"(30.0, 80.25)",2147
2013,"(30.0, 80.5)",1990
2013,"(30.25, 78.0)",2597
2013,"(30.25, 78.25)",1497
2013,"(30.25, 78.5)",1042
2013,"(30.25, 78.75)",1554
2013,"(30.25, 79.0)",1934
2013,"(30.25, 79.25)",2076
2013,"(30.25, 79.5)",1728
2013,"(30.25, 79.75)",1874
2013,"(30.25, 80.0)",2227
2013,"(30.25, 80.25)",2167
2013,"(30.25, 80.5)",2161
2013,"(30.25, 80.75)",2219
2013,"(30.25, 81.0)",2294
2013,"(30.5, 78.0)",2247
2013,"(30.5, 78.25)",1832
2013,"(30.5, 78.5)",1665
2013,"(30.5, 78.75)",1467
2013,"(30.5, 79.0)",2088
2013,"(30.5, 79.25)",2323
2013,"(30.5, 79.5)",1608
2013,"(30.5, 79.75)",1924
2013,"(30.5, 80.0)",2193
2013,"(30.5, 80.25)",2154
2013,"(30.75, 77.75)",1995
2013,"(30.75, 78.0)",2042
2013,"(30.75, 78.25)",2338
2013,"(30.75, 78.5)",1835
2013,"(30.75, 78.75)",1591
2013,"(30.75, 79.0)",1780
2013,"(30.75, 79.25)",1872
2013,"(30.75, 79.5)",1741
2013,"(30.75, 79.75)",1905
2013,"(30.75, 80.0)",2067
2013,"(31.0, 78.0)",1962
2013,"(31.0, 78.25)",2166
2013,"(31.0, 78.5)",1808
2013,"(31.0, 78.75)",1703
2013,"(31.0, 79.0)",1799
2013,"(31.0, 79.25)",1860
2013,"(31.0, 79.5)",1853
2013,"(31.0, 79.75)",1856
2013,"(31.25, 78.25)",1320
2013,"(31.25, 79.0)",1680
2014,"(28.75, 80.0)",1411
2014,"(29.0, 79.25)",1199
2014,"(29.0, 79.5)",1355
2014,"(29.0, 79.75)",1186
2014,"(29.0, 80.0)",1287
2014,"(29.25, 79.0)",906
2014,"(29.25, 79.25)",1860
2014,"(29.25, 79.5)",1731
2014,"(29.25, 79.75)",1223
2014,"(29.25, 80.0)",1204
2014,"(29.25, 80.25)",1249
2014,"(29.5, 78.75)",957
2014,"(29.5, 79.0)",1389
2014,"(29.5, 79.25)",1632
2014,"(29.5, 79.5)",1443
2014,"(29.5, 79.75)",1204
2014,"(29.5, 80.0)",1250
2014,"(29.5, 80.25)",1246
2014,"(29.75, 78.0)",1102
2014,"(29.75, 78.25)",1156
2014,"(29.75, 78.5)",1133
2014,"(29.75, 78.75)",1022
2014,"(29.75, 79.0)",1257
2014,"(29.75, 79.25)",1111
2014,"(29.75, 79.5)",1085
2014,"(29.75, 79.75)",1142
2014,"(29.75, 80.0)",1311
2014,"(29.75, 80.25)",1368
2014,"(30.0, 77.75)",1061
2014,"(30.0, 78.0)",1274
2014,"(30.0, 78.25)",1245
2014,"(30.0, 78.5)",1019
2014,"(30.0, 78.75)",891
2014,"(30.0, 79.0)",990
2014,"(30.0, 79.25)",1114
2014,"(30.0, 79.5)",1063
2014,"(30.0, 79.75)",1286
2014,"(30.0, 80.0)",1618
2014,"(30.0, 80.25)",1561
2014,"(30.0, 80.5)",1501
2014,"(30.25, 78.0)",1644
2014,"(30.25, 78.25)",1119
2014,"(30.25, 78.5)",769
2014,"(30.25, 78.75)",1157
2014,"(30.25, 79.0)",1118
2014,"(30.25, 79.25)",1299
2014,"(30.25, 79.5)",1280
2014,"(30.25, 79.75)",1449
2014,"(30.25, 80.0)",1591
2014,"(30.25, 80.25)",1577
2014,"(30.25, 80.5)",1573
2014,"(30.25, 80.75)",1593
2014,"(30.25, 81.0)",1621
2014,"(30.5, 78.0)",1400
2014,"(30.5, 78.25)",1276
2014,"(30.5, 78.5)",1068
2014,"(30.5, 78.75)",1154
2014,"(30.5, 79.0)",1326
2014,"(30.5, 79.25)",1509
2014,"(30.5, 79.5)",1402
2014,"(30.5, 79.75)",1483
2014,"(30.5, 80.0)",1572
2014,"(30.5, 80.25)",1580
2014,"(30.75, 77.75)",870
2014,"(30.75, 78.0)",1009
2014,"(30.75, 78.25)",1802
2014,"(30.75, 78.5)",1288
2014,"(30.75, 78.75)",1339
2014,"(30.75, 79.0)",1385
2014,"(30.75, 79.25)",1416
2014,"(30.75, 79.5)",1395
2014,"(30.75, 79.75)",1471
2014,"(30.75, 80.0)",1544
2014,"(31.0, 78.0)",1027
2014,"(31.0, 78.25)",1614
2014,"(31.0, 78.5)",1438
2014,"(31.0, 78.75)",1409
2014,"(31.0, 79.0)",1402
2014,"(31.0, 79.25)",1421
2014,"(31.0, 79.5)",1427
2014,"(31.0, 79.75)",1466
2014,"(31.25, 78.25)",872
2014,"(31.25, 79.0)",1349
2015,"(28.75, 80.0)",1683
2015,"(29.0, 79.25)",1393
2015,"(29.0, 79.5)",1539
2015,"(29.0, 79.75)",1306
2015,"(29.0, 80.0)",1440
2015,"(29.25, 79.0)",868
2015,"(29.25, 79.25)",1972
2015,"(29.25, 79.5)",1691
2015,"(29.25, 79.75)",1071
2015,"(29.25, 80.0)",1104
2015,"(29.25, 80.25)",1196
2015,"(29.5, 78.75)",898
2015,"(29.5, 79.0)",1365
2015,"(29.5, 79.25)",1570
2015,"(29.5, 79.5)",1142
2015,"(29.5, 79.75)",1041
2015,"(29.5, 80.0)",1130
2015,"(29.5, 80.25)",1110
2015,"(29.75, 78.0)",1020
2015,"(29.75, 78.25)",962
2015,"(29.75, 78.5)",1214
2015,"(29.75, 78.75)",1036
2015,"(29.75, 79.0)",1211
2015,"(29.75, 79.25)",1111
2015,"(29.75, 79.5)",913
2015,"(29.75, 79.75)",975
2015,"(29.75, 80.0)",1180
2015,"(29.75, 80.25)",1223
2015,"(30.0, 77.75)",1054
2015,"(30.0, 78.0)",1218
2015,"(30.0, 78.25)",1171
2015,"(30.0, 78.5)",1119
2015,"(30.0, 78.75)",901
2015,"(30.0, 79.0)",1093
2015,"(30.0, 79.25)",1276
2015,"(30.0, 79.5)",954
2015,"(30.0, 79.75)",1114
2015,"(30.0, 80.0)",1451
2015,"(30.0, 80.25)",1395
2015,"(30.0, 80.5)",1355
2015,"(30.25, 78.0)",1536
2015,"(30.25, 78.25)",979
2015,"(30.25, 78.5)",806
2015,"(30.25, 78.75)",1025
2015,"(30.25, 79.0)",1271
2015,"(30.25, 79.25)",1362
2015,"(30.25, 79.5)",1316
2015,"(30.25, 79.75)",1334
2015,"(30.25, 80.0)",1427
2015,"(30.25, 80.25)",1403
2015,"(30.25, 80.5)",1407
2015,"(30.25, 80.75)",1429
2015,"(30.25, 81.0)",1456
2015,"(30.5, 78.0)",1435
2015,"(30.5, 78.25)",1078
2015,"(30.5, 78.5)",949
2015,"(30.5, 78.75)",1042
2015,"(30.5, 79.0)",1282
2015,"(30.5, 79.25)",1398
2015,"(30.5, 79.5)",1272
2015,"(30.5, 79.75)",1340
2015,"(30.5, 80.0)",1403
2015,"(30.5, 80.25)",1415
2015,"(30.75, 77.75)",1118
2015,"(30.75, 78.0)",1229
2015,"(30.75, 78.25)",1620
2015,"(30.75, 78.5)",1156
2015,"(30.75, 78.75)",1196
2015,"(30.75, 79.0)",1277
2015,"(30.75, 79.25)",1310
2015,"(30.75, 79.5)",1276
2015,"(30.75, 79.75)",1343
2015,"(30.75, 80.0)",1389
2015,"(31.0, 78.0)",1152
2015,"(31.0, 78.25)",1460
2015,"(31.0, 78.5)",1293
2015,"(31.0, 78.75)",1256
2015,"(31.0, 79.0)",1260
2015,"(31.0, 79.25)",1307
2015,"(31.0, 79.5)",1308
2015,"(31.0, 79.75)",1325
2015,"(31.25, 78.25)",988
2015,"(31.25, 79.0)",1211
2016,"(28.75, 80.0)",1596
2016,"(29.0, 79.25)",1321
2016,"(29.0, 79.5)",1876
2016,"(29.0, 79.75)",1429
2016,"(29.0, 80.0)",1451
2016,"(29.25, 79.0)",585
2016,"(29.25, 79.25)",2694
2016,"(29.25, 79.5)",2104
2016,"(29.25, 79.75)",942
2016,"(29.25, 80.0)",977
2016,"(29.25, 80.25)",1262
2016,"(29.5, 78.75)",609
2016,"(29.5, 79.0)",824
2016,"(29.5, 79.25)",1561
2016,"(29.5, 79.5)",1089
2016,"(29.5, 79.75)",943
2016,"(29.5, 80.0)",1237
2016,"(29.5, 80.25)",1651
2016,"(29.75, 78.0)",1063
2016,"(29.75, 78.25)",1071
2016,"(29.75, 78.5)",973
2016,"(29.75, 78.75)",875
2016,"(29.75, 79.0)",1058
2016,"(29.75, 79.25)",960
2016,"(29.75, 79.5)",993
2016,"(29.75, 79.75)",1060
2016,"(29.75, 80.0)",1601
2016,"(29.75, 80.25)",2187
2016,"(30.0, 77.75)",1133
2016,"(30.0, 78.0)",1292
2016,"(30.0, 78.25)",1347
2016,"(30.0, 78.5)",906
2016,"(30.0, 78.75)",983
2016,"(30.0, 79.0)",1199
2016,"(30.0, 79.25)",1220
2016,"(30.0, 79.5)",1366
2016,"(30.0, 79.75)",1765
2016,"(30.0, 80.0)",1760
2016,"(30.0, 80.25)",2149
2016,"(30.0, 80.5)",2187
2016,"(30.25, 78.0)",1399
2016,"(30.25, 78.25)",1543
2016,"(30.25, 78.5)",883
2016,"(30.25, 78.75)",1267
2016,"(30.25, 79.0)",1485
2016,"(30.25, 79.25)",1568
2016,"(30.25, 79.5)",1548
2016,"(30.25, 79.75)",1580
2016,"(30.25, 80.0)",1787
2016,"(30.25, 80.25)",1916
2016,"(30.25, 80.5)",2049
2016,"(30.25, 80.75)",2129
2016,"(30.25, 81.0)",2244
2016,"(30.5, 78.0)",1622
2016,"(30.5, 78.25)",1047
2016,"(30.5, 78.5)",1043
2016,"(30.5, 78.75)",2029
2016,"(30.5, 79.0)",2198
2016,"(30.5, 79.25)",1500
2016,"(30.5, 79.5)",1119
2016,"(30.5, 79.75)",1410
2016,"(30.5, 80.0)",1590
2016,"(30.5, 80.25)",1926
2016,"(30.75, 77.75)",928
2016,"(30.75, 78.0)",1185
2016,"(30.75, 78.25)",1620
2016,"(30.75, 78.5)",1023
2016,"(30.75, 78.75)",1394
2016,"(30.75, 79.0)",1778
2016,"(30.75, 79.25)",1420
2016,"(30.75, 79.5)",1281
2016,"(30.75, 79.75)",1329
2016,"(30.75, 80.0)",1490
2016,"(31.0, 78.0)",877
2016,"(31.0, 78.25)",1207
2016,"(31.0, 78.5)",1214
2016,"(31.0, 78.75)",1391
2016,"(31.0, 79.0)",1539
2016,"(31.0, 79.25)",1550
2016,"(31.0, 79.5)",1422
2016,"(31.0, 79.75)",1295
2016,"(31.25, 78.25)",612
2016,"(31.25, 79.0)",1446
2017,"(28.75, 80.0)",1837
2017,"(29.0, 79.25)",1497
2017,"(29.0, 79.5)",1978
2017,"(29.0, 79.75)",1548
2017,"(29.0, 80.0)",1601
2017,"(29.25, 79.0)",894
2017,"(29.25, 79.25)",2859
2017,"(29.25, 79.5)",2270
2017,"(29.25, 79.75)",966
2017,"(29.25, 80.0)",983
2017,"(29.25, 80.25)",1278
2017,"(29.5, 78.75)",947
2017,"(29.5, 79.0)",1170
2017,"(29.5, 79.25)",1789
2017,"(29.5, 79.5)",1293
2017,"(29.5, 79.75)",1010
2017,"(29.5, 80.0)",1188
2017,"(29.5, 80.25)",1707
2017,"(29.75, 78.0)",998
2017,"(29.75, 78.25)",949
2017,"(29.75, 78.5)",959
2017,"(29.75, 78.75)",985
2017,"(29.75, 79.0)",1277
2017,"(29.75, 79.25)",1056
2017,"(29.75, 79.5)",1054
2017,"(29.75, 79.75)",1127
2017,"(29.75, 80.0)",1536
2017,"(29.75, 80.25)",2398
2017,"(30.0, 77.75)",1105
2017,"(30.0, 78.0)",1401
2017,"(30.0, 78.25)",1563
2017,"(30.0, 78.5)",1025
2017,"(30.0, 78.75)",1092
2017,"(30.0, 79.0)",1456
2017,"(30.0, 79.25)",1439
2017,"(30.0, 79.5)",1431
2017,"(30.0, 79.75)",1765
2017,"(30.0, 80.0)",2456
2017,"(30.0, 80.25)",2562
2017,"(30.0, 80.5)",2510
2017,"(30.25, 78.0)",1995
2017,"(30.25, 78.25)",1911
2017,"(30.25, 78.5)",1026
2017,"(30.25, 78.75)",1356
2017,"(30.25, 79.0)",1583
2017,"(30.25, 79.25)",1690
2017,"(30.25, 79.5)",1581
2017,"(30.25, 79.75)",1945
2017,"(30.25, 80.0)",2489
2017,"(30.25, 80.25)",2502
2017,"(30.25, 80.5)",2468
2017,"(30.25, 80.75)",2522
2017,"(30.25, 81.0)",2608
2017,"(30.5, 78.0)",2023
2017,"(30.5, 78.25)",1274
2017,"(30.5, 78.5)",890
2017,"(30.5, 78.75)",1934
2017,"(30.5, 79.0)",2198
2017,"(30.5, 79.25)",1601
2017,"(30.5, 79.5)",1272
2017,"(30.5, 79.75)",1701
2017,"(30.5, 80.0)",2079
2017,"(30.5, 80.25)",2467
2017,"(30.75, 77.75)",1157
2017,"(30.75, 78.0)",1366
2017,"(30.75, 78.25)",1710
2017,"(30.75, 78.5)",1130
2017,"(30.75, 78.75)",1498
2017,"(30.75, 79.0)",1910
2017,"(30.75, 79.25)",1569
2017,"(30.75, 79.5)",1422
2017,"(30.75, 79.75)",1589
2017,"(30.75, 80.0)",1958
2017,"(31.0, 78.0)",1067
2017,"(31.0, 78.25)",1329
2017,"(31.0, 78.5)",1319
2017,"(31.0, 78.75)",1495
2017,"(31.0, 79.0)",1673
2017,"(31.0, 79.25)",1686
2017,"(31.0, 79.5)",1566
2017,"(31.0, 79.75)",1533
2017,"(31.25, 78.25)",837
2017,"(31.25, 79.0)",1619
2018,"(28.75, 80.0)",2186
2018,"(29.0, 79.25)",1753
2018,"(29.0, 79.5)",2057
2018,"(29.0, 79.75)",1823
2018,"(29.0, 80.0)",1908
2018,"(29.25, 79.0)",852
2018,"(29.25, 79.25)",2513
2018,"(29.25, 79.5)",2000
2018,"(29.25, 79.75)",1001
2018,"(29.25, 80.0)",1047
2018,"(29.25, 80.25)",1359
2018,"(29.5, 78.75)",711
2018,"(29.5, 79.0)",949
2018,"(29.5, 79.25)",1487
2018,"(29.5, 79.5)",1050
2018,"(29.5, 79.75)",997
2018,"(29.5, 80.0)",1133
2018,"(29.5, 80.25)",1681
2018,"(29.75, 78.0)",1304
2018,"(29.75, 78.25)",1082
2018,"(29.75, 78.5)",793
2018,"(29.75, 78.75)",841
2018,"(29.75, 79.0)",774
2018,"(29.75, 79.25)",635
2018,"(29.75, 79.5)",945
2018,"(29.75, 79.75)",1282
2018,"(29.75, 80.0)",1450
2018,"(29.75, 80.25)",2455
2018,"(30.0, 77.75)",1298
2018,"(30.0, 78.0)",1805
2018,"(30.0, 78.25)",1683
2018,"(30.0, 78.5)",992
2018,"(30.0, 78.75)",698
2018,"(30.0, 79.0)",972
2018,"(30.0, 79.25)",926
2018,"(30.0, 79.5)",1764
2018,"(30.0, 79.75)",2572
2018,"(30.0, 80.0)",2703
2018,"(30.0, 80.25)",2673
2018,"(30.0, 80.5)",2596
2018,"(30.25, 78.0)",2011
2018,"(30.25, 78.25)",1568
2018,"(30.25, 78.5)",824
2018,"(30.25, 78.75)",852
2018,"(30.25, 79.0)",1475
2018,"(30.25, 79.25)",1612
2018,"(30.25, 79.5)",1942
2018,"(30.25, 79.75)",2370
2018,"(30.25, 80.0)",2780
2018,"(30.25, 80.25)",2706
2018,"(30.25, 80.5)",2572
2018,"(30.25, 80.75)",2612
2018,"(30.25, 81.0)",2690
2018,"(30.5, 78.0)",1963
2018,"(30.5, 78.25)",1008
2018,"(30.5, 78.5)",728
2018,"(30.5, 78.75)",1752
2018,"(30.5, 79.0)",2018
2018,"(30.5, 79.25)",1597
2018,"(30.5, 79.5)",1426
2018,"(30.5, 79.75)",1974
2018,"(30.5, 80.0)",2396
2018,"(30.5, 80.25)",2686
2018,"(30.75, 77.75)",1236
2018,"(30.75, 78.0)",1441
2018,"(30.75, 78.25)",1643
2018,"(30.75, 78.5)",1110
2018,"(30.75, 78.75)",1485
2018,"(30.75, 79.0)",1719
2018,"(30.75, 79.25)",1555
2018,"(30.75, 79.5)",1501
2018,"(30.75, 79.75)",1627
2018,"(30.75, 80.0)",2243
2018,"(31.0, 78.0)",1141
2018,"(31.0, 78.25)",1354
2018,"(31.0, 78.5)",1309
2018,"(31.0, 78.75)",1490
2018,"(31.0, 79.0)",1603
2018,"(31.0, 79.25)",1642
2018,"(31.0, 79.5)",1567
2018,"(31.0, 79.75)",1562
2018,"(31.25, 78.25)",715
2018,"(31.25, 79.0)",1507
2019,"(28.75, 80.0)",1679
2019,"(29.0, 79.25)",1455
2019,"(29.0, 79.5)",1837
2019,"(29.0, 79.75)",1485
2019,"(29.0, 80.0)",1450
2019,"(29.25, 79.0)",826
2019,"(29.25, 79.25)",2488
2019,"(29.25, 79.5)",2010
2019,"(29.25, 79.75)",876
2019,"(29.25, 80.0)",902
2019,"(29.25, 80.25)",1207
2019,"(29.5, 78.75)",812
2019,"(29.5, 79.0)",850
2019,"(29.5, 79.25)",1635
2019,"(29.5, 79.5)",1177
2019,"(29.5, 79.75)",975
2019,"(29.5, 80.0)",1159
2019,"(29.5, 80.25)",1774
2019,"(29.75, 78.0)",982
2019,"(29.75, 78.25)",1166
2019,"(29.75, 78.5)",853
2019,"(29.75, 78.75)",880
2019,"(29.75, 79.0)",1100
2019,"(29.75, 79.25)",980
2019,"(29.75, 79.5)",1020
2019,"(29.75, 79.75)",1240
2019,"(29.75, 80.0)",1756
2019,"(29.75, 80.25)",2518
2019,"(30.0, 77.75)",1011
2019,"(30.0, 78.0)",1269
2019,"(30.0, 78.25)",1751
2019,"(30.0, 78.5)",1168
2019,"(30.0, 78.75)",969
2019,"(30.0, 79.0)",1114
2019,"(30.0, 79.25)",1110
2019,"(30.0, 79.5)",1589
2019,"(30.0, 79.75)",2136
2019,"(30.0, 80.0)",2593
2019,"(30.0, 80.25)",2666
2019,"(30.0, 80.5)",2622
2019,"(30.25, 78.0)",1436
2019,"(30.25, 78.25)",1918
2019,"(30.25, 78.5)",1131
2019,"(30.25, 78.75)",945
2019,"(30.25, 79.0)",1391
2019,"(30.25, 79.25)",1421
2019,"(30.25, 79.5)",1716
2019,"(30.25, 79.75)",2159
2019,"(30.25, 80.0)",2632
2019,"(30.25, 80.25)",2633
2019,"(30.25, 80.5)",2578
2019,"(30.25, 80.75)",2633
2019,"(30.25, 81.0)",2708
2019,"(30.5, 78.0)",1519
2019,"(30.5, 78.25)",1095
2019,"(30.5, 78.5)",987
2019,"(30.5, 78.75)",1724
2019,"(30.5, 79.0)",1828
2019,"(30.5, 79.25)",1424
2019,"(30.5, 79.5)",1422
2019,"(30.5, 79.75)",1863
2019,"(30.5, 80.0)",2293
2019,"(30.5, 80.25)",2611
2019,"(30.75, 77.75)",983
2019,"(30.75, 78.0)",1171
2019,"(30.75, 78.25)",1764
2019,"(30.75, 78.5)",1188
2019,"(30.75, 78.75)",1314
2019,"(30.75, 79.0)",1486
2019,"(30.75, 79.25)",1444
2019,"(30.75, 79.5)",1446
2019,"(30.75, 79.75)",1514
2019,"(30.75, 80.0)",2113
2019,"(31.0, 78.0)",962
2019,"(31.0, 78.25)",1340
2019,"(31.0, 78.5)",1257
2019,"(31.0, 78.75)",1358
2019,"(31.0, 79.0)",1401
2019,"(31.0, 79.25)",1494
2019,"(31.0, 79.5)",1458
2019,"(31.0, 79.75)",1455
2019,"(31.25, 78.25)",952
2019,"(31.25, 79.0)",1281
2020,"(28.75, 80.0)",1754
2020,"(29.0, 79.25)",1351
2020,"(29.0, 79.5)",1676
2020,"(29.0, 79.75)",1471
2020,"(29.0, 80.0)",1603
2020,"(29.25, 79.0)",774
2020,"(29.25, 79.25)",2258
2020,"(29.25, 79.5)",1823
2020,"(29.25, 79.75)",1014
2020,"(29.25, 80.0)",1080
2020,"(29.25, 80.25)",1304
2020,"(29.5, 78.75)",767
2020,"(29.5, 79.0)",773
2020,"(29.5, 79.25)",1515
2020,"(29.5, 79.5)",1087
2020,"(29.5, 79.75)",1141
2020,"(29.5, 80.0)",1256
2020,"(29.5, 80.25)",2056
2020,"(29.75, 78.0)",1201
2020,"(29.75, 78.25)",1338
2020,"(29.75, 78.5)",946
2020,"(29.75, 78.75)",946
2020,"(29.75, 79.0)",850
2020,"(29.75, 79.25)",778
2020,"(29.75, 79.5)",983
2020,"(29.75, 79.75)",1381
2020,"(29.75, 80.0)",2022
2020,"(29.75, 80.25)",2995
2020,"(30.0, 77.75)",1246
2020,"(30.0, 78.0)",1563
2020,"(30.0, 78.25)",1647
2020,"(30.0, 78.5)",1119
2020,"(30.0, 78.75)",871
2020,"(30.0, 79.0)",908
2020,"(30.0, 79.25)",878
2020,"(30.0, 79.5)",1561
2020,"(30.0, 79.75)",2180
2020,"(30.0, 80.0)",2360
2020,"(30.0, 80.25)",2956
2020,"(30.0, 80.5)",3013
2020,"(30.25, 78.0)",1573
2020,"(30.25, 78.25)",1439
2020,"(30.25, 78.5)",985
2020,"(30.25, 78.75)",955
2020,"(30.25, 79.0)",1226
2020,"(30.25, 79.25)",1388
2020,"(30.25, 79.5)",1640
2020,"(30.25, 79.75)",1968
2020,"(30.25, 80.0)",2397
2020,"(30.25, 80.25)",2597
2020,"(30.25, 80.5)",2773
2020,"(30.25, 80.75)",2898
2020,"(30.25, 81.0)",3084
2020,"(30.5, 78.0)",1680
2020,"(30.5, 78.25)",1012
2020,"(30.5, 78.5)",748
2020,"(30.5, 78.75)",1736
2020,"(30.5, 79.0)",1909
2020,"(30.5, 79.25)",1382
2020,"(30.5, 79.5)",1137
2020,"(30.5, 79.75)",1614
2020,"(30.5, 80.0)",2016
2020,"(30.5, 80.25)",2601
2020,"(30.75, 77.75)",934
2020,"(30.75, 78.0)",1125
2020,"(30.75, 78.25)",1525
2020,"(30.75, 78.5)",1001
2020,"(30.75, 78.75)",1329
2020,"(30.75, 79.0)",1586
2020,"(30.75, 79.25)",1331
2020,"(30.75, 79.5)",1253
2020,"(30.75, 79.75)",1334
2020,"(30.75, 80.0)",1819
2020,"(31.0, 78.0)",891
2020,"(31.0, 78.25)",1190
2020,"(31.0, 78.5)",1180
2020,"(31.0, 78.75)",1342
2020,"(31.0, 79.0)",1434
2020,"(31.0, 79.25)",1426
2020,"(31.0, 79.5)",1331
2020,"(31.0, 79.75)",1285
2020,"(31.25, 78.25)",660
2020,"(31.25, 79.0)",1335
2021,"(28.75, 80.0)",2325
2021,"(29.0, 79.25)",1390
2021,"(29.0, 79.5)",2081
2021,"(29.0, 79.75)",2089
2021,"(29.0, 80.0)",2125
2021,"(29.25, 79.0)",924
2021,"(29.25, 79.25)",3201
2021,"(29.25, 79.5)",2635
2021,"(29.25, 79.75)",1734
2021,"(29.25, 80.0)",1743
2021,"(29.25, 80.25)",1923
2021,"(29.5, 78.75)",877
2021,"(29.5, 79.0)",918
2021,"(29.5, 79.25)",2104
2021,"(29.5, 79.5)",1706
2021,"(29.5, 79.75)",1617
2021,"(29.5, 80.0)",1782
2021,"(29.5, 80.25)",2232
2021,"(29.75, 78.0)",1095
2021,"(29.75, 78.25)",1567
2021,"(29.75, 78.5)",1111
2021,"(29.75, 78.75)",1102
2021,"(29.75, 79.0)",1296
2021,"(29.75, 79.25)",1077
2021,"(29.75, 79.5)",1266
2021,"(29.75, 79.75)",1515
2021,"(29.75, 80.0)",1863
2021,"(29.75, 80.25)",2906
2021,"(30.0, 77.75)",968
2021,"(30.0, 78.0)",1471
2021,"(30.0, 78.25)",1596
2021,"(30.0, 78.5)",1054
2021,"(30.0, 78.75)",1127
2021,"(30.0, 79.0)",1450
2021,"(30.0, 79.25)",1419
2021,"(30.0, 79.5)",1742
2021,"(30.0, 79.75)",2287
2021,"(30.0, 80.0)",2434
2021,"(30.0, 80.25)",2891
2021,"(30.0, 80.5)",2919
2021,"(30.25, 78.0)",1978
2021,"(30.25, 78.25)",1793
2021,"(30.25, 78.5)",1005
2021,"(30.25, 78.75)",1322
2021,"(30.25, 79.0)",1975
2021,"(30.25, 79.25)",2054
2021,"(30.25, 79.5)",2069
2021,"(30.25, 79.75)",2168
2021,"(30.25, 80.0)",2499
2021,"(30.25, 80.25)",2616
2021,"(30.25, 80.5)",2736
2021,"(30.25, 80.75)",2834
2021,"(30.25, 81.0)",2990
2021,"(30.5, 78.0)",1895
2021,"(30.5, 78.25)",1357
2021,"(30.5, 78.5)",1115
2021,"(30.5, 78.75)",1670
2021,"(30.5, 79.0)",2060
2021,"(30.5, 79.25)",1976
2021,"(30.5, 79.5)",1795
2021,"(30.5, 79.75)",2045
2021,"(30.5, 80.0)",2255
2021,"(30.5, 80.25)",2605
2021,"(30.75, 77.75)",1279
2021,"(30.75, 78.0)",1518
2021,"(30.75, 78.25)",1961
2021,"(30.75, 78.5)",1333
2021,"(30.75, 78.75)",1471
2021,"(30.75, 79.0)",1926
2021,"(30.75, 79.25)",1930
2021,"(30.75, 79.5)",1850
2021,"(30.75, 79.75)",1981
2021,"(30.75, 80.0)",2178
2021,"(31.0, 78.0)",1384
2021,"(31.0, 78.25)",1551
2021,"(31.0, 78.5)",1473
2021,"(31.0, 78.75)",1508
2021,"(31.0, 79.0)",1723
2021,"(31.0, 79.25)",1966
2021,"(31.0, 79.5)",1930
2021,"(31.0, 79.75)",1945
2021,"(31.25, 78.25)",907
2021,"(31.25, 79.0)",1677
